Symbol,TimeFrame,Date,Open,High,Low,Close,Volume
خودرو,1week,2000-11-11 00:00:00+00:00,3500.0,3490.0,3400.0,3405.0,905422.0
خودرو,1week,2000-11-18 00:00:00+00:00,3450.0,3502.0,3460.0,3460.0,756477.0
خودرو,1week,2000-11-25 00:00:00+00:00,3460.0,3569.0,3474.0,3569.0,1125560.0
خودرو,1week,2000-12-02 00:00:00+00:00,3563.0,3590.0,3529.0,3565.0,1082674.0
خودرو,1week,2000-12-09 00:00:00+00:00,3567.0,3621.0,3530.0,3541.0,3667036.0
خودرو,1week,2000-12-16 00:00:00+00:00,3550.0,3600.0,3590.0,3600.0,46394950.0
خودرو,1week,2000-12-23 00:00:00+00:00,3598.0,3718.0,3651.0,3712.0,3780912.0
خودرو,1week,2000-12-30 00:00:00+00:00,3715.0,3830.0,3730.0,3790.0,2275203.0
خودرو,1week,2001-01-06 00:00:00+00:00,3772.0,3828.0,3715.0,3828.0,1770216.0
خودرو,1week,2001-01-13 00:00:00+00:00,3849.0,3881.0,3840.0,3840.0,4457481.0
خودرو,1week,2001-01-20 00:00:00+00:00,3837.0,3780.0,3717.0,3717.0,1057795.0
خودرو,1week,2001-01-27 00:00:00+00:00,3717.0,3805.0,3649.0,3805.0,3520283.0
خودرو,1week,2001-02-03 00:00:00+00:00,3807.0,3980.0,3810.0,3980.0,4598972.0
خودرو,1week,2001-02-10 00:00:00+00:00,4000.0,4150.0,4077.0,4077.0,4212871.0
خودرو,1week,2001-02-17 00:00:00+00:00,4077.0,4000.0,3998.0,3998.0,2583867.0
خودرو,1week,2001-02-24 00:00:00+00:00,2550.0,2710.0,2699.0,2710.0,1361715.0
خودرو,1week,2001-03-03 00:00:00+00:00,2710.0,2798.0,2750.0,2764.0,3863205.0
خودرو,1week,2001-03-10 00:00:00+00:00,2764.0,2840.0,2732.0,2839.0,2349020.0
خودرو,1week,2001-03-17 00:00:00+00:00,2839.0,2797.0,2780.0,2797.0,949407.0
خودرو,1week,2001-03-24 00:00:00+00:00,2798.0,2849.0,2795.0,2849.0,454759.0
خودرو,1week,2001-03-31 00:00:00+00:00,2840.0,2870.0,2800.0,2868.0,232924.0
خودرو,1week,2001-04-07 00:00:00+00:00,2868.0,3157.0,2868.0,3080.0,2053669.0
خودرو,1week,2001-04-14 00:00:00+00:00,3082.0,3110.0,3029.0,3079.0,1852586.0
خودرو,1week,2001-04-21 00:00:00+00:00,3079.0,3286.0,3050.0,3286.0,4439248.0
خودرو,1week,2001-04-28 00:00:00+00:00,3450.0,3610.0,3360.0,3420.0,2852298.0
خودرو,1week,2001-05-05 00:00:00+00:00,3420.0,3649.0,3370.0,3576.0,2599336.0
خودرو,1week,2001-05-12 00:00:00+00:00,3576.0,3579.0,3451.0,3500.0,1171205.0
خودرو,1week,2001-05-19 00:00:00+00:00,3500.0,3514.0,3412.0,3470.0,2388380.0
خودرو,1week,2001-05-26 00:00:00+00:00,3480.0,3650.0,3480.0,3530.0,1906782.0
خودرو,1week,2001-06-02 00:00:00+00:00,3530.0,3550.0,3470.0,3504.0,1081104.0
خودرو,1week,2001-06-09 00:00:00+00:00,3504.0,3620.0,2279.0,3557.0,2320481.0
خودرو,1week,2001-06-16 00:00:00+00:00,3550.0,3589.0,3470.0,3580.0,2952674.0
خودرو,1week,2001-06-23 00:00:00+00:00,3580.0,3598.0,3507.0,3510.0,4770355.0
خودرو,1week,2001-06-30 00:00:00+00:00,3510.0,3510.0,3419.0,3440.0,4395506.0
خودرو,1week,2001-07-07 00:00:00+00:00,3426.0,3550.0,3420.0,3519.0,5386590.0
خودرو,1week,2001-07-14 00:00:00+00:00,3520.0,3540.0,3487.0,3531.0,11628750.0
خودرو,1week,2001-08-11 00:00:00+00:00,3300.0,3450.0,3250.0,3340.0,2568085.0
خودرو,1week,2001-08-18 00:00:00+00:00,3371.0,3401.0,3180.0,3230.0,4909870.0
خودرو,1week,2001-08-25 00:00:00+00:00,3230.0,3310.0,3100.0,3140.0,2356639.0
خودرو,1week,2001-09-01 00:00:00+00:00,3140.0,3140.0,2950.0,3100.0,2515704.0
خودرو,1week,2001-09-08 00:00:00+00:00,3100.0,3230.0,2995.0,3100.0,2147464.0
خودرو,1week,2001-09-15 00:00:00+00:00,3061.0,3061.0,2820.0,3049.0,5955291.0
خودرو,1week,2001-09-22 00:00:00+00:00,3049.0,3201.0,3010.0,3069.0,3666259.0
خودرو,1week,2001-09-29 00:00:00+00:00,3060.0,3100.0,3000.0,3050.0,2470337.0
خودرو,1week,2001-10-06 00:00:00+00:00,3050.0,3068.0,2851.0,2898.0,3150263.0
خودرو,1week,2001-10-13 00:00:00+00:00,2893.0,3100.0,2893.0,3060.0,2699502.0
خودرو,1week,2001-10-20 00:00:00+00:00,3050.0,3200.0,3050.0,3149.0,4555935.0
خودرو,1week,2001-10-27 00:00:00+00:00,3140.0,3155.0,3050.0,3150.0,2033899.0
خودرو,1week,2001-11-03 00:00:00+00:00,3150.0,3188.0,3139.0,3150.0,2447191.0
خودرو,1week,2001-11-10 00:00:00+00:00,3151.0,3151.0,3039.0,3100.0,1710187.0
خودرو,1week,2001-11-17 00:00:00+00:00,3110.0,3110.0,3040.0,3081.0,2295780.0
خودرو,1week,2001-11-24 00:00:00+00:00,3083.0,3150.0,2045.0,3101.0,3993594.0
خودرو,1week,2001-12-01 00:00:00+00:00,3102.0,3158.0,3090.0,3158.0,3789910.0
خودرو,1week,2001-12-08 00:00:00+00:00,3158.0,3160.0,3105.0,3131.0,2161989.0
خودرو,1week,2001-12-15 00:00:00+00:00,3131.0,3350.0,3131.0,3300.0,4576059.0
خودرو,1week,2001-12-22 00:00:00+00:00,3290.0,3399.0,3249.0,3389.0,3567134.0
خودرو,1week,2001-12-29 00:00:00+00:00,3400.0,3570.0,3350.0,3420.0,5334689.0
خودرو,1week,2002-01-19 00:00:00+00:00,2800.0,3020.0,2800.0,3000.0,5260507.0
خودرو,1week,2002-01-26 00:00:00+00:00,3000.0,3000.0,2853.0,2902.0,5080216.0
خودرو,1week,2002-02-02 00:00:00+00:00,2903.0,2904.0,2832.0,2890.0,4085206.0
خودرو,1week,2002-02-09 00:00:00+00:00,2892.0,2910.0,2866.0,2866.0,5643551.0
خودرو,1week,2002-02-16 00:00:00+00:00,2870.0,2901.0,2854.0,2900.0,13391192.0
خودرو,1week,2002-02-23 00:00:00+00:00,2900.0,2930.0,2885.0,2921.0,2660184.0
خودرو,1week,2002-03-02 00:00:00+00:00,2920.0,3000.0,2904.0,2997.0,3794447.0
خودرو,1week,2002-03-09 00:00:00+00:00,2996.0,3150.0,2995.0,3120.0,7632018.0
خودرو,1week,2002-03-16 00:00:00+00:00,3120.0,3125.0,3001.0,3049.0,1635286.0
خودرو,1week,2002-03-23 00:00:00+00:00,3047.0,3125.0,3046.0,3047.0,309299.0
خودرو,1week,2002-03-30 00:00:00+00:00,3041.0,3056.0,2994.0,2995.0,1701612.0
خودرو,1week,2002-04-06 00:00:00+00:00,2995.0,3180.0,2950.0,3150.0,4925089.0
خودرو,1week,2002-04-13 00:00:00+00:00,3150.0,3250.0,3100.0,3240.0,7359164.0
خودرو,1week,2002-04-20 00:00:00+00:00,3225.0,3278.0,3152.0,3265.0,4075676.0
خودرو,1week,2002-04-27 00:00:00+00:00,3280.0,3292.0,3191.0,3285.0,9974692.0
خودرو,1week,2002-05-04 00:00:00+00:00,3290.0,3380.0,3215.0,3340.0,11296453.0
خودرو,1week,2002-05-11 00:00:00+00:00,3340.0,3360.0,3282.0,3350.0,5334484.0
خودرو,1week,2002-05-18 00:00:00+00:00,3350.0,3450.0,3301.0,3301.0,3703917.0
خودرو,1week,2002-05-25 00:00:00+00:00,3297.0,3330.0,3203.0,3310.0,2869402.0
خودرو,1week,2002-06-01 00:00:00+00:00,3311.0,3360.0,3310.0,3352.0,2296036.0
خودرو,1week,2002-06-08 00:00:00+00:00,3353.0,3410.0,3332.0,3401.0,3689318.0
خودرو,1week,2002-06-15 00:00:00+00:00,3400.0,3420.0,3378.0,3411.0,7658915.0
خودرو,1week,2002-06-22 00:00:00+00:00,3411.0,3460.0,3404.0,3441.0,29934674.0
خودرو,1week,2002-06-29 00:00:00+00:00,3441.0,3530.0,3430.0,3515.0,5383315.0
خودرو,1week,2002-07-06 00:00:00+00:00,3515.0,3708.0,3515.0,3620.0,5784088.0
خودرو,1week,2002-07-13 00:00:00+00:00,3620.0,3710.0,3530.0,3700.0,12913315.0
خودرو,1week,2002-07-27 00:00:00+00:00,3000.0,3150.0,3000.0,3060.0,1366839.0
خودرو,1week,2002-08-03 00:00:00+00:00,3050.0,3070.0,3000.0,3011.0,4881458.0
خودرو,1week,2002-08-10 00:00:00+00:00,3011.0,3040.0,3010.0,3030.0,3970521.0
خودرو,1week,2002-08-17 00:00:00+00:00,3025.0,3030.0,2940.0,2950.0,2977442.0
خودرو,1week,2002-08-24 00:00:00+00:00,2950.0,3035.0,2950.0,3030.0,3840927.0
خودرو,1week,2002-08-31 00:00:00+00:00,3031.0,3050.0,2951.0,3000.0,3133509.0
خودرو,1week,2002-09-07 00:00:00+00:00,3000.0,3020.0,2970.0,3000.0,5433121.0
خودرو,1week,2002-09-14 00:00:00+00:00,3002.0,3021.0,2901.0,2987.0,11980092.0
خودرو,1week,2002-09-21 00:00:00+00:00,2981.0,2999.0,2960.0,2980.0,3405704.0
خودرو,1week,2002-09-28 00:00:00+00:00,2980.0,2985.0,2950.0,2983.0,3475433.0
خودرو,1week,2002-10-05 00:00:00+00:00,2983.0,2999.0,2931.0,2955.0,10116696.0
خودرو,1week,2002-10-12 00:00:00+00:00,2954.0,3101.0,2950.0,2998.0,2776989.0
خودرو,1week,2002-10-19 00:00:00+00:00,2997.0,3110.0,2997.0,3068.0,2977841.0
خودرو,1week,2002-11-02 00:00:00+00:00,2300.0,2451.0,2300.0,2427.0,8373742.0
خودرو,1week,2002-11-09 00:00:00+00:00,2428.0,2554.0,2428.0,2520.0,2869431.0
خودرو,1week,2002-11-16 00:00:00+00:00,2520.0,2595.0,2520.0,2570.0,4323790.0
خودرو,1week,2002-11-23 00:00:00+00:00,2570.0,2570.0,2412.0,2460.0,1280636.0
خودرو,1week,2002-11-30 00:00:00+00:00,2461.0,2534.0,2379.0,2497.0,1932034.0
خودرو,1week,2002-12-07 00:00:00+00:00,2500.0,2535.0,2400.0,2432.0,1607479.0
خودرو,1week,2002-12-14 00:00:00+00:00,2432.0,2470.0,2390.0,2460.0,9336113.0
خودرو,1week,2002-12-21 00:00:00+00:00,2470.0,2470.0,2350.0,2402.0,10007836.0
خودرو,1week,2002-12-28 00:00:00+00:00,2402.0,2450.0,2402.0,2448.0,1966547.0
خودرو,1week,2003-01-04 00:00:00+00:00,2446.0,2446.0,2333.0,2350.0,1419251.0
خودرو,1week,2003-01-11 00:00:00+00:00,2350.0,2351.0,2280.0,2290.0,1203937.0
خودرو,1week,2003-01-18 00:00:00+00:00,2290.0,2392.0,2231.0,2350.0,1528995.0
خودرو,1week,2003-01-25 00:00:00+00:00,2351.0,2400.0,2300.0,2300.0,2088179.0
خودرو,1week,2003-02-01 00:00:00+00:00,2300.0,2360.0,2190.0,2353.0,1970332.0
خودرو,1week,2003-02-08 00:00:00+00:00,2351.0,2368.0,2322.0,2358.0,1790620.0
خودرو,1week,2003-02-15 00:00:00+00:00,2359.0,2360.0,2310.0,2325.0,1261249.0
خودرو,1week,2003-02-22 00:00:00+00:00,2323.0,2340.0,2280.0,2300.0,4050283.0
خودرو,1week,2003-03-01 00:00:00+00:00,2298.0,2301.0,2260.0,2287.0,2783273.0
خودرو,1week,2003-03-08 00:00:00+00:00,2287.0,2297.0,2190.0,2201.0,2230391.0
خودرو,1week,2003-03-15 00:00:00+00:00,2201.0,2300.0,2200.0,2290.0,4065705.0
خودرو,1week,2003-03-22 00:00:00+00:00,2298.0,2300.0,2297.0,2300.0,244694.0
خودرو,1week,2003-03-29 00:00:00+00:00,2300.0,2389.0,2299.0,2389.0,1951112.0
خودرو,1week,2003-04-05 00:00:00+00:00,2389.0,2639.0,2387.0,2587.0,2936290.0
خودرو,1week,2003-04-12 00:00:00+00:00,2583.0,2583.0,2449.0,2475.0,2486522.0
خودرو,1week,2003-04-19 00:00:00+00:00,2478.0,2521.0,2475.0,2480.0,10177522.0
خودرو,1week,2003-04-26 00:00:00+00:00,2484.0,2602.0,2471.0,2599.0,8227287.0
خودرو,1week,2003-05-03 00:00:00+00:00,2700.0,2800.0,2649.0,2740.0,2718516.0
خودرو,1week,2003-05-10 00:00:00+00:00,2747.0,3029.0,2747.0,2947.0,11546297.0
خودرو,1week,2003-05-17 00:00:00+00:00,2943.0,3001.0,2800.0,3000.0,16065033.0
خودرو,1week,2003-05-24 00:00:00+00:00,3000.0,3645.0,3000.0,3490.0,7631456.0
خودرو,1week,2003-05-31 00:00:00+00:00,3490.0,3730.0,3319.0,3651.0,6844713.0
خودرو,1week,2003-06-07 00:00:00+00:00,3651.0,3730.0,3500.0,3700.0,7666917.0
خودرو,1week,2003-06-14 00:00:00+00:00,3644.0,3760.0,3481.0,3745.0,9552722.0
خودرو,1week,2003-06-21 00:00:00+00:00,3780.0,4297.0,3780.0,4260.0,19766037.0
خودرو,1week,2003-06-28 00:00:00+00:00,4260.0,5288.0,4260.0,5288.0,17505132.0
خودرو,1week,2003-07-05 00:00:00+00:00,5552.0,5552.0,5063.0,5428.0,18389245.0
خودرو,1week,2003-07-12 00:00:00+00:00,5501.0,6925.0,5501.0,6925.0,12809198.0
خودرو,1week,2003-07-26 00:00:00+00:00,9000.0,11980.0,9000.0,9352.0,3949921.0
خودرو,1week,2003-08-02 00:00:00+00:00,9000.0,9650.0,8000.0,9000.0,14686580.0
خودرو,1week,2003-08-09 00:00:00+00:00,8998.0,9350.0,8561.0,9350.0,8926693.0
خودرو,1week,2003-08-16 00:00:00+00:00,9350.0,9817.0,9350.0,9350.0,1470102.0
خودرو,1week,2003-08-23 00:00:00+00:00,9817.0,9817.0,9350.0,9350.0,1938195.0
خودرو,1week,2003-08-30 00:00:00+00:00,9817.0,10307.0,9350.0,9939.0,13488707.0
خودرو,1week,2003-09-06 00:00:00+00:00,9906.0,9939.0,8973.0,9445.0,7971938.0
خودرو,1week,2003-09-13 00:00:00+00:00,8973.0,9445.0,8785.0,9027.0,1693288.0
خودرو,1week,2003-09-20 00:00:00+00:00,8576.0,8769.0,8331.0,8480.0,13610702.0
خودرو,1week,2003-09-27 00:00:00+00:00,8478.0,8478.0,7298.0,7427.0,14206807.0
خودرو,1week,2003-10-04 00:00:00+00:00,7487.0,8800.0,7487.0,8586.0,7669643.0
خودرو,1week,2003-10-11 00:00:00+00:00,8502.0,8710.0,8210.0,8440.0,3384463.0
خودرو,1week,2003-10-18 00:00:00+00:00,8251.0,8670.0,7842.0,8670.0,8130502.0
خودرو,1week,2003-10-25 00:00:00+00:00,9103.0,9460.0,8831.0,9345.0,6807610.0
خودرو,1week,2003-11-01 00:00:00+00:00,9250.0,9255.0,8402.0,8686.0,3926716.0
خودرو,1week,2003-11-08 00:00:00+00:00,8999.0,9390.0,8889.0,8989.0,6776581.0
خودرو,1week,2003-11-15 00:00:00+00:00,8899.0,9050.0,8500.0,8891.0,10180266.0
خودرو,1week,2003-11-22 00:00:00+00:00,8891.0,9000.0,8800.0,8873.0,15902961.0
خودرو,1week,2003-11-29 00:00:00+00:00,8949.0,9100.0,8800.0,8859.0,50060416.0
خودرو,1week,2003-12-20 00:00:00+00:00,6500.0,6920.0,6445.0,6834.0,8139144.0
خودرو,1week,2003-12-27 00:00:00+00:00,6850.0,7048.0,6550.0,6665.0,9287047.0
خودرو,1week,2004-01-03 00:00:00+00:00,6551.0,6601.0,6300.0,6439.0,9091893.0
خودرو,1week,2004-01-10 00:00:00+00:00,6350.0,6410.0,5950.0,6147.0,6458133.0
خودرو,1week,2004-01-17 00:00:00+00:00,6083.0,6083.0,5518.0,5798.0,8033884.0
خودرو,1week,2004-01-24 00:00:00+00:00,5900.0,5950.0,5400.0,5480.0,6015963.0
خودرو,1week,2004-01-31 00:00:00+00:00,5400.0,5500.0,5000.0,5144.0,7213421.0
خودرو,1week,2004-02-07 00:00:00+00:00,5050.0,5250.0,5050.0,5172.0,5086356.0
خودرو,1week,2004-02-14 00:00:00+00:00,5172.0,5502.0,5100.0,5343.0,182828653.0
خودرو,1week,2004-02-21 00:00:00+00:00,5388.0,5650.0,5352.0,5579.0,5008071.0
خودرو,1week,2004-02-28 00:00:00+00:00,5605.0,5801.0,5600.0,5685.0,4179830.0
خودرو,1week,2004-03-06 00:00:00+00:00,5738.0,6350.0,5738.0,6177.0,9568104.0
خودرو,1week,2004-03-13 00:00:00+00:00,6120.0,6220.0,5900.0,6093.0,26288496.0
خودرو,1week,2004-03-27 00:00:00+00:00,6200.0,6940.0,6166.0,6702.0,4081615.0
خودرو,1week,2004-04-03 00:00:00+00:00,6698.0,6800.0,6476.0,6718.0,1957231.0
خودرو,1week,2004-04-10 00:00:00+00:00,6849.0,7300.0,6849.0,7151.0,2161837.0
خودرو,1week,2004-04-17 00:00:00+00:00,7120.0,7250.0,6861.0,7089.0,7792829.0
خودرو,1week,2004-04-24 00:00:00+00:00,6912.0,7004.0,6500.0,6811.0,84266192.0
خودرو,1week,2004-05-01 00:00:00+00:00,7020.0,7151.0,6653.0,6805.0,5862113.0
خودرو,1week,2004-05-15 00:00:00+00:00,6760.0,6900.0,6321.0,6499.0,11021362.0
خودرو,1week,2004-05-22 00:00:00+00:00,6444.0,6490.0,6073.0,6343.0,14005336.0
خودرو,1week,2004-05-29 00:00:00+00:00,6343.0,6394.0,5914.0,6131.0,8538638.0
خودرو,1week,2004-06-05 00:00:00+00:00,6150.0,6554.0,6000.0,6487.0,19484960.0
خودرو,1week,2004-06-12 00:00:00+00:00,6599.0,6599.0,6111.0,6232.0,13465480.0
خودرو,1week,2004-06-19 00:00:00+00:00,6249.0,6465.0,5985.0,6154.0,11493333.0
خودرو,1week,2004-07-03 00:00:00+00:00,6460.0,6460.0,6150.0,6245.0,2452279.0
خودرو,1week,2004-07-10 00:00:00+00:00,6300.0,6582.0,6100.0,6362.0,32235646.0
خودرو,1week,2004-07-24 00:00:00+00:00,6051.0,6700.0,6051.0,6368.0,1749965.0
خودرو,1week,2004-07-31 00:00:00+00:00,6140.0,6298.0,5700.0,5963.0,14846215.0
خودرو,1week,2004-08-07 00:00:00+00:00,5836.0,6000.0,5244.0,5291.0,8586769.0
خودرو,1week,2004-08-14 00:00:00+00:00,5289.0,5350.0,4999.0,5077.0,4959596.0
خودرو,1week,2004-08-21 00:00:00+00:00,5009.0,5150.0,4800.0,4959.0,3342815.0
خودرو,1week,2004-08-28 00:00:00+00:00,4959.0,5329.0,4953.0,5119.0,1834217.0
خودرو,1week,2004-09-04 00:00:00+00:00,5299.0,5350.0,5116.0,5169.0,4416765.0
خودرو,1week,2004-09-11 00:00:00+00:00,5112.0,5397.0,4947.0,5197.0,7176265.0
خودرو,1week,2004-09-18 00:00:00+00:00,5456.0,5517.0,5226.0,5350.0,2390410.0
خودرو,1week,2004-09-25 00:00:00+00:00,5350.0,5400.0,4950.0,5122.0,3204499.0
خودرو,1week,2004-10-02 00:00:00+00:00,5000.0,5057.0,4800.0,4946.0,3707354.0
خودرو,1week,2004-10-09 00:00:00+00:00,4999.0,5050.0,4801.0,4987.0,23179910.0
خودرو,1week,2004-10-16 00:00:00+00:00,4985.0,5000.0,4810.0,4931.0,1788693.0
خودرو,1week,2004-10-23 00:00:00+00:00,4960.0,5199.0,4943.0,5019.0,3717143.0
خودرو,1week,2004-10-30 00:00:00+00:00,5150.0,5160.0,5010.0,5042.0,14044950.0
خودرو,1week,2004-11-06 00:00:00+00:00,5043.0,5080.0,4950.0,5030.0,3171297.0
خودرو,1week,2004-11-13 00:00:00+00:00,5045.0,5070.0,4930.0,5020.0,3940801.0
خودرو,1week,2004-11-20 00:00:00+00:00,5025.0,5051.0,4901.0,5007.0,54382351.0
خودرو,1week,2004-11-27 00:00:00+00:00,4995.0,5330.0,4989.0,5179.0,18236908.0
خودرو,1week,2004-12-04 00:00:00+00:00,5278.0,5280.0,5000.0,5120.0,3533502.0
خودرو,1week,2004-12-11 00:00:00+00:00,5097.0,5097.0,4800.0,4955.0,5853238.0
خودرو,1week,2004-12-18 00:00:00+00:00,4831.0,4929.0,4750.0,4846.0,2927510.0
خودرو,1week,2004-12-25 00:00:00+00:00,4820.0,4900.0,4751.0,4808.0,2950842.0
خودرو,1week,2005-01-01 00:00:00+00:00,4808.0,4840.0,4701.0,4796.0,3727659.0
خودرو,1week,2005-01-08 00:00:00+00:00,4822.0,4970.0,4755.0,4842.0,31059807.0
خودرو,1week,2005-01-22 00:00:00+00:00,4200.0,4200.0,4000.0,4125.0,3098282.0
خودرو,1week,2005-01-29 00:00:00+00:00,4126.0,4130.0,3922.0,4029.0,6712300.0
خودرو,1week,2005-02-05 00:00:00+00:00,4031.0,4079.0,3850.0,4007.0,3169089.0
خودرو,1week,2005-02-12 00:00:00+00:00,4055.0,4055.0,3718.0,3875.0,2587435.0
خودرو,1week,2005-02-19 00:00:00+00:00,3875.0,4000.0,3715.0,3871.0,4193820.0
خودرو,1week,2005-02-26 00:00:00+00:00,3951.0,4280.0,3919.0,4135.0,6884750.0
خودرو,1week,2005-03-05 00:00:00+00:00,4135.0,4199.0,4000.0,4094.0,4157085.0
خودرو,1week,2005-03-12 00:00:00+00:00,4033.0,4240.0,3975.0,4143.0,8095444.0
خودرو,1week,2005-03-26 00:00:00+00:00,4199.0,4423.0,4159.0,4248.0,1894847.0
خودرو,1week,2005-04-02 00:00:00+00:00,4363.0,4477.0,4264.0,4345.0,2435099.0
خودرو,1week,2005-04-09 00:00:00+00:00,4400.0,4755.0,4366.0,4619.0,5910913.0
خودرو,1week,2005-04-16 00:00:00+00:00,4628.0,4700.0,4302.0,4515.0,4564381.0
خودرو,1week,2005-04-23 00:00:00+00:00,4389.0,4770.0,4389.0,4679.0,17041371.0
خودرو,1week,2005-04-30 00:00:00+00:00,4717.0,4828.0,4622.0,4713.0,13618160.0
خودرو,1week,2005-05-07 00:00:00+00:00,4718.0,4879.0,4682.0,4809.0,11974011.0
خودرو,1week,2005-05-14 00:00:00+00:00,4824.0,4850.0,4750.0,4803.0,5878336.0
خودرو,1week,2005-05-21 00:00:00+00:00,4795.0,4800.0,4680.0,4724.0,4736153.0
خودرو,1week,2005-05-28 00:00:00+00:00,4740.0,4900.0,4740.0,4790.0,12355002.0
خودرو,1week,2005-06-04 00:00:00+00:00,4790.0,4803.0,4621.0,4711.0,3093963.0
خودرو,1week,2005-06-11 00:00:00+00:00,4666.0,4750.0,4590.0,4660.0,4546122.0
خودرو,1week,2005-06-18 00:00:00+00:00,4669.0,4820.0,4669.0,4798.0,7836628.0
خودرو,1week,2005-06-25 00:00:00+00:00,4700.0,4830.0,4600.0,4728.0,6733575.0
خودرو,1week,2005-07-02 00:00:00+00:00,4721.0,4800.0,4600.0,4647.0,7215511.0
خودرو,1week,2005-07-09 00:00:00+00:00,4620.0,4760.0,4590.0,4698.0,9025166.0
خودرو,1week,2005-07-16 00:00:00+00:00,4696.0,4720.0,4662.0,4695.0,9016795.0
خودرو,1week,2005-08-13 00:00:00+00:00,3300.0,3400.0,3250.0,3377.0,234264.0
خودرو,1week,2005-08-20 00:00:00+00:00,3376.0,3604.0,3336.0,3484.0,4641377.0
خودرو,1week,2005-08-27 00:00:00+00:00,3499.0,3560.0,3385.0,3478.0,3469122.0
خودرو,1week,2005-09-03 00:00:00+00:00,3380.0,3425.0,3212.0,3350.0,3656693.0
خودرو,1week,2005-09-10 00:00:00+00:00,3341.0,3349.0,3177.0,3275.0,2788589.0
خودرو,1week,2005-09-17 00:00:00+00:00,3274.0,3389.0,3200.0,3279.0,1978381.0
خودرو,1week,2005-09-24 00:00:00+00:00,3278.0,3340.0,3023.0,3106.0,5821332.0
خودرو,1week,2005-10-01 00:00:00+00:00,3070.0,3160.0,3070.0,3091.0,2773282.0
خودرو,1week,2005-10-08 00:00:00+00:00,3119.0,3253.0,3099.0,3143.0,2175826.0
خودرو,1week,2005-10-15 00:00:00+00:00,3185.0,3210.0,3121.0,3153.0,2625109.0
خودرو,1week,2005-10-22 00:00:00+00:00,3171.0,3200.0,3120.0,3152.0,2214346.0
خودرو,1week,2005-10-29 00:00:00+00:00,3152.0,3180.0,3050.0,3106.0,3744878.0
خودرو,1week,2005-11-05 00:00:00+00:00,3069.0,3100.0,3060.0,3078.0,4085329.0
خودرو,1week,2005-11-12 00:00:00+00:00,3070.0,3083.0,3070.0,3070.0,4926069.0
خودرو,1week,2005-11-19 00:00:00+00:00,3070.0,3150.0,3070.0,3076.0,44904151.0
خودرو,1week,2005-11-26 00:00:00+00:00,3229.0,3420.0,3196.0,3299.0,9468148.0
خودرو,1week,2005-12-03 00:00:00+00:00,3298.0,3580.0,3249.0,3389.0,5958186.0
خودرو,1week,2005-12-10 00:00:00+00:00,3330.0,3389.0,3165.0,3293.0,4756936.0
خودرو,1week,2005-12-17 00:00:00+00:00,3220.0,3274.0,3073.0,3204.0,4105210.0
خودرو,1week,2005-12-24 00:00:00+00:00,3130.0,3186.0,3002.0,3083.0,15579425.0
خودرو,1week,2005-12-31 00:00:00+00:00,3118.0,3200.0,3091.0,3156.0,17319543.0
خودرو,1week,2006-01-07 00:00:00+00:00,3199.0,3200.0,3096.0,3156.0,6535535.0
خودرو,1week,2006-01-14 00:00:00+00:00,3156.0,3161.0,3060.0,3096.0,8459516.0
خودرو,1week,2006-01-21 00:00:00+00:00,3090.0,3130.0,3063.0,3091.0,26125230.0
خودرو,1week,2006-01-28 00:00:00+00:00,3095.0,3111.0,3090.0,3097.0,15798211.0
خودرو,1week,2006-02-04 00:00:00+00:00,3097.0,3100.0,2939.0,3052.0,5525896.0
خودرو,1week,2006-02-11 00:00:00+00:00,3000.0,3031.0,2880.0,3007.0,1887082.0
خودرو,1week,2006-02-18 00:00:00+00:00,2947.0,3005.0,2935.0,2990.0,884599.0
خودرو,1week,2006-02-25 00:00:00+00:00,2931.0,3020.0,2879.0,2930.0,14099680.0
خودرو,1week,2006-03-04 00:00:00+00:00,2900.0,2973.0,2866.0,2922.0,5414214.0
خودرو,1week,2006-03-11 00:00:00+00:00,2901.0,2971.0,2861.0,2917.0,1507161.0
خودرو,1week,2006-03-18 00:00:00+00:00,2945.0,2992.0,2920.0,2937.0,2476042.0
خودرو,1week,2006-03-25 00:00:00+00:00,2970.0,3020.0,2943.0,2971.0,2285216.0
خودرو,1week,2006-04-01 00:00:00+00:00,3019.0,3039.0,2974.0,2999.0,2010875.0
خودرو,1week,2006-04-08 00:00:00+00:00,3040.0,3192.0,3024.0,3190.0,13838640.0
خودرو,1week,2006-04-22 00:00:00+00:00,3200.0,3400.0,3172.0,3199.0,6687902.0
خودرو,1week,2006-04-29 00:00:00+00:00,3194.0,3194.0,3080.0,3132.0,6169570.0
خودرو,1week,2006-05-06 00:00:00+00:00,3071.0,3167.0,3065.0,3166.0,10355313.0
خودرو,1week,2006-05-13 00:00:00+00:00,3229.0,3349.0,3228.0,3293.0,23388962.0
خودرو,1week,2006-05-20 00:00:00+00:00,3243.0,3275.0,3181.0,3226.0,14769123.0
خودرو,1week,2006-05-27 00:00:00+00:00,3201.0,3321.0,3198.0,3285.0,7367900.0
خودرو,1week,2006-06-03 00:00:00+00:00,3300.0,3444.0,3300.0,3443.0,10144351.0
خودرو,1week,2006-06-10 00:00:00+00:00,3508.0,3611.0,3482.0,3538.0,13652886.0
خودرو,1week,2006-06-17 00:00:00+00:00,3468.0,3520.0,3403.0,3464.0,10326802.0
خودرو,1week,2006-06-24 00:00:00+00:00,3498.0,3514.0,3403.0,3448.0,13988137.0
خودرو,1week,2006-07-01 00:00:00+00:00,3400.0,3433.0,3339.0,3376.0,7337734.0
خودرو,1week,2006-07-08 00:00:00+00:00,3376.0,3444.0,3310.0,3404.0,15441117.0
خودرو,1week,2006-07-15 00:00:00+00:00,3395.0,3470.0,3336.0,3399.0,15521830.0
خودرو,1week,2006-07-22 00:00:00+00:00,3051.0,3051.0,2820.0,2879.0,8560494.0
خودرو,1week,2006-07-29 00:00:00+00:00,2872.0,2873.0,2785.0,2827.0,4570792.0
خودرو,1week,2006-08-05 00:00:00+00:00,2771.0,2816.0,2751.0,2766.0,11193433.0
خودرو,1week,2006-08-12 00:00:00+00:00,2760.0,2821.0,2711.0,2767.0,2779740.0
خودرو,1week,2006-08-19 00:00:00+00:00,2822.0,2837.0,2771.0,2785.0,1265386.0
خودرو,1week,2006-08-26 00:00:00+00:00,2840.0,2871.0,2789.0,2832.0,3205619.0
خودرو,1week,2006-09-02 00:00:00+00:00,2888.0,2898.0,2833.0,2849.0,1245326.0
خودرو,1week,2006-09-09 00:00:00+00:00,2905.0,2919.0,2853.0,2866.0,1246475.0
خودرو,1week,2006-09-16 00:00:00+00:00,2923.0,2985.0,2923.0,2928.0,7630207.0
خودرو,1week,2006-09-30 00:00:00+00:00,2870.0,2950.0,2870.0,2872.0,6697043.0
خودرو,1week,2006-10-07 00:00:00+00:00,2851.0,2895.0,2761.0,2809.0,8275826.0
خودرو,1week,2006-10-14 00:00:00+00:00,2808.0,2809.0,2722.0,2773.0,4186802.0
خودرو,1week,2006-10-21 00:00:00+00:00,2773.0,2828.0,2718.0,2783.0,5937779.0
خودرو,1week,2006-10-28 00:00:00+00:00,2838.0,2860.0,2750.0,2804.0,4698258.0
خودرو,1week,2006-11-04 00:00:00+00:00,2780.0,2815.0,2706.0,2756.0,9691296.0
خودرو,1week,2006-11-11 00:00:00+00:00,2811.0,2811.0,2693.0,2739.0,3401637.0
خودرو,1week,2006-11-18 00:00:00+00:00,2700.0,2725.0,2618.0,2667.0,4781410.0
خودرو,1week,2006-11-25 00:00:00+00:00,2614.0,2663.0,2574.0,2621.0,4662905.0
خودرو,1week,2006-12-02 00:00:00+00:00,2615.0,2644.0,2542.0,2580.0,4754550.0
خودرو,1week,2006-12-09 00:00:00+00:00,2575.0,2613.0,2522.0,2571.0,3771099.0
خودرو,1week,2006-12-16 00:00:00+00:00,2600.0,2640.0,2535.0,2573.0,5131009.0
خودرو,1week,2006-12-23 00:00:00+00:00,2573.0,2580.0,2573.0,2573.0,4049119.0
خودرو,1week,2006-12-30 00:00:00+00:00,2574.0,2590.0,2573.0,2579.0,2671317.0
خودرو,1week,2007-01-06 00:00:00+00:00,2591.0,2598.0,2581.0,2587.0,2488234.0
خودرو,1week,2007-01-13 00:00:00+00:00,2596.0,2597.0,2589.0,2591.0,4274587.0
خودرو,1week,2007-01-20 00:00:00+00:00,2598.0,2601.0,2592.0,2594.0,2955979.0
خودرو,1week,2007-01-27 00:00:00+00:00,2600.0,2630.0,2595.0,2599.0,1553774.0
خودرو,1week,2007-02-03 00:00:00+00:00,2599.0,2633.0,2600.0,2610.0,2848583.0
خودرو,1week,2007-02-10 00:00:00+00:00,2650.0,2701.0,2619.0,2660.0,4305242.0
خودرو,1week,2007-02-17 00:00:00+00:00,2710.0,2807.0,2670.0,2787.0,10574742.0
خودرو,1week,2007-02-24 00:00:00+00:00,2842.0,2920.0,2805.0,2895.0,11290453.0
خودرو,1week,2007-03-03 00:00:00+00:00,2944.0,3040.0,2944.0,2991.0,10998238.0
خودرو,1week,2007-03-10 00:00:00+00:00,2932.0,2983.0,2932.0,2983.0,798953.0
خودرو,1week,2007-05-05 00:00:00+00:00,2088.0,2088.0,1803.0,1917.0,10403134.0
خودرو,1week,2007-05-12 00:00:00+00:00,1955.0,2007.0,1928.0,2005.0,8219203.0
خودرو,1week,2007-05-19 00:00:00+00:00,2045.0,2050.0,1965.0,1999.0,29352010.0
خودرو,1week,2007-05-26 00:00:00+00:00,1960.0,1997.0,1950.0,1986.0,1222285.0
خودرو,1week,2007-06-02 00:00:00+00:00,1947.0,1983.0,1942.0,1978.0,709363.0
خودرو,1week,2007-06-09 00:00:00+00:00,1939.0,1975.0,1930.0,1963.0,1346635.0
خودرو,1week,2007-06-16 00:00:00+00:00,1924.0,1962.0,1921.0,1959.0,419629.0
خودرو,1week,2007-06-23 00:00:00+00:00,1920.0,1957.0,1911.0,1947.0,625991.0
خودرو,1week,2007-06-30 00:00:00+00:00,1909.0,1944.0,1900.0,1935.0,614597.0
خودرو,1week,2007-07-07 00:00:00+00:00,1897.0,1961.0,1860.0,1960.0,12988458.0
خودرو,1week,2007-07-14 00:00:00+00:00,1990.0,2056.0,1988.0,2055.0,5942597.0
خودرو,1week,2007-07-28 00:00:00+00:00,1850.0,1851.0,1850.0,1850.0,941199.0
خودرو,1week,2007-08-04 00:00:00+00:00,1855.0,1877.0,1851.0,1871.0,5617819.0
خودرو,1week,2007-08-11 00:00:00+00:00,1883.0,1907.0,1877.0,1897.0,4575058.0
خودرو,1week,2007-08-18 00:00:00+00:00,1910.0,1931.0,1903.0,1927.0,5446316.0
خودرو,1week,2007-08-25 00:00:00+00:00,1935.0,1945.0,1893.0,1940.0,4767123.0
خودرو,1week,2007-09-01 00:00:00+00:00,1948.0,1964.0,1943.0,1958.0,4500532.0
خودرو,1week,2007-09-08 00:00:00+00:00,1950.0,1960.0,1910.0,1948.0,622495.0
خودرو,1week,2007-09-15 00:00:00+00:00,1910.0,1948.0,1909.0,1947.0,96855.0
خودرو,1week,2007-09-22 00:00:00+00:00,1909.0,1947.0,1909.0,1947.0,45066.0
خودرو,1week,2007-09-29 00:00:00+00:00,1909.0,1946.0,1833.0,1833.0,132018.0
خودرو,1week,2007-10-06 00:00:00+00:00,1797.0,1797.0,1693.0,1726.0,10073832.0
خودرو,1week,2007-10-13 00:00:00+00:00,1692.0,1736.0,1692.0,1725.0,3309620.0
خودرو,1week,2007-10-20 00:00:00+00:00,1745.0,1777.0,1732.0,1762.0,3552722.0
خودرو,1week,2007-10-27 00:00:00+00:00,1783.0,1811.0,1770.0,1803.0,4310802.0
خودرو,1week,2007-11-03 00:00:00+00:00,1818.0,1829.0,1809.0,1824.0,3805248.0
خودرو,1week,2007-11-10 00:00:00+00:00,1832.0,1849.0,1828.0,1844.0,4963394.0
خودرو,1week,2007-11-17 00:00:00+00:00,1850.0,1864.0,1847.0,1860.0,4659000.0
خودرو,1week,2007-11-24 00:00:00+00:00,1870.0,1891.0,1865.0,1888.0,5353030.0
خودرو,1week,2007-12-01 00:00:00+00:00,1892.0,1896.0,1848.0,1882.0,5775728.0
خودرو,1week,2007-12-08 00:00:00+00:00,1882.0,1882.0,1833.0,1862.0,3760960.0
خودرو,1week,2008-01-19 00:00:00+00:00,1700.0,1751.0,1700.0,1746.0,18809370.0
خودرو,1week,2008-01-26 00:00:00+00:00,1780.0,1800.0,1751.0,1793.0,10715025.0
خودرو,1week,2008-02-02 00:00:00+00:00,1796.0,1805.0,1795.0,1803.0,5512345.0
خودرو,1week,2008-02-09 00:00:00+00:00,1803.0,1804.0,1803.0,1803.0,3096592.0
خودرو,1week,2008-02-16 00:00:00+00:00,1803.0,1806.0,1739.0,1772.0,7102719.0
خودرو,1week,2008-02-23 00:00:00+00:00,1737.0,1771.0,1737.0,1771.0,42168.0
خودرو,1week,2008-03-01 00:00:00+00:00,1736.0,1769.0,1733.0,1767.0,248470.0
خودرو,1week,2008-03-08 00:00:00+00:00,1732.0,1766.0,1726.0,1759.0,415297.0
خودرو,1week,2008-03-15 00:00:00+00:00,1724.0,1724.0,1624.0,1624.0,106481.0
خودرو,1week,2008-03-22 00:00:00+00:00,1592.0,1592.0,1561.0,1592.0,5355.0
خودرو,1week,2008-03-29 00:00:00+00:00,1561.0,1561.0,1500.0,1500.0,188081.0
خودرو,1week,2008-04-05 00:00:00+00:00,1470.0,1470.0,1403.0,1430.0,9209914.0
خودرو,1week,2008-04-12 00:00:00+00:00,1451.0,1536.0,1451.0,1528.0,14349357.0
خودرو,1week,2008-04-19 00:00:00+00:00,1543.0,1581.0,1535.0,1574.0,6514853.0
خودرو,1week,2008-06-14 00:00:00+00:00,1450.0,1450.0,1153.0,1192.0,8402682.0
خودرو,1week,2008-06-21 00:00:00+00:00,1167.0,1220.0,850.0,1205.0,100314003.0
خودرو,1week,2008-06-28 00:00:00+00:00,1220.0,1288.0,1220.0,1283.0,20867734.0
خودرو,1week,2008-07-05 00:00:00+00:00,1300.0,1352.0,1285.0,1350.0,21110186.0
خودرو,1week,2008-07-12 00:00:00+00:00,1380.0,1431.0,1374.0,1429.0,23382317.0
خودرو,1week,2008-07-19 00:00:00+00:00,1200.0,1200.0,1160.0,1170.0,3931987.0
خودرو,1week,2008-07-26 00:00:00+00:00,1172.0,1233.0,1172.0,1200.0,4428751.0
خودرو,1week,2008-08-02 00:00:00+00:00,1236.0,1252.0,1209.0,1250.0,10160600.0
خودرو,1week,2008-08-09 00:00:00+00:00,1252.0,1256.0,1251.0,1254.0,9977076.0
خودرو,1week,2008-08-16 00:00:00+00:00,1255.0,1261.0,1245.0,1259.0,24413602.0
خودرو,1week,2008-08-23 00:00:00+00:00,1260.0,1265.0,1254.0,1262.0,18735591.0
خودرو,1week,2008-08-30 00:00:00+00:00,1262.0,1271.0,1225.0,1265.0,7784433.0
خودرو,1week,2008-09-06 00:00:00+00:00,1275.0,1308.0,1270.0,1299.0,22167318.0
خودرو,1week,2008-09-13 00:00:00+00:00,1306.0,1311.0,1301.0,1308.0,21516535.0
خودرو,1week,2008-09-20 00:00:00+00:00,1313.0,1316.0,1280.0,1312.0,18675347.0
خودرو,1week,2008-09-27 00:00:00+00:00,1315.0,1319.0,1313.0,1316.0,3161296.0
خودرو,1week,2008-10-04 00:00:00+00:00,1317.0,1331.0,1316.0,1324.0,3781738.0
خودرو,1week,2008-10-11 00:00:00+00:00,1314.0,1331.0,1314.0,1327.0,2905902.0
خودرو,1week,2008-10-18 00:00:00+00:00,1330.0,1332.0,1328.0,1330.0,3640330.0
خودرو,1week,2008-10-25 00:00:00+00:00,1331.0,1332.0,1291.0,1291.0,18107240.0
خودرو,1week,2008-11-01 00:00:00+00:00,1291.0,1296.0,1291.0,1293.0,3706674.0
خودرو,1week,2008-11-08 00:00:00+00:00,1296.0,1299.0,1294.0,1297.0,9730716.0
خودرو,1week,2008-11-15 00:00:00+00:00,1300.0,1304.0,1298.0,1301.0,3170364.0
خودرو,1week,2008-11-22 00:00:00+00:00,1303.0,1307.0,1262.0,1304.0,10041899.0
خودرو,1week,2008-11-29 00:00:00+00:00,1307.0,1310.0,1305.0,1307.0,3153918.0
خودرو,1week,2008-12-06 00:00:00+00:00,1308.0,1312.0,1270.0,1311.0,3470901.0
خودرو,1week,2008-12-13 00:00:00+00:00,1310.0,1316.0,1270.0,1315.0,19134395.0
خودرو,1week,2008-12-20 00:00:00+00:00,1312.0,1316.0,1271.0,1308.0,8702885.0
خودرو,1week,2008-12-27 00:00:00+00:00,1307.0,1326.0,1307.0,1319.0,2033381.0
خودرو,1week,2009-01-03 00:00:00+00:00,1319.0,1321.0,1319.0,1320.0,1141502.0
خودرو,1week,2009-01-10 00:00:00+00:00,1320.0,1325.0,1320.0,1325.0,1910699.0
خودرو,1week,2009-01-17 00:00:00+00:00,1325.0,1330.0,1290.0,1310.0,37776467.0
خودرو,1week,2009-01-24 00:00:00+00:00,1310.0,1311.0,1310.0,1310.0,1554917.0
خودرو,1week,2009-01-31 00:00:00+00:00,1310.0,1316.0,1310.0,1315.0,1939579.0
خودرو,1week,2009-02-07 00:00:00+00:00,1315.0,1316.0,1315.0,1315.0,1269209.0
خودرو,1week,2009-02-14 00:00:00+00:00,1322.0,1326.0,1322.0,1326.0,1387302.0
خودرو,1week,2009-02-21 00:00:00+00:00,1320.0,1331.0,1320.0,1330.0,752706.0
خودرو,1week,2009-02-28 00:00:00+00:00,1328.0,1334.0,1328.0,1332.0,963052.0
خودرو,1week,2009-03-07 00:00:00+00:00,1335.0,1342.0,1335.0,1341.0,1115454.0
خودرو,1week,2009-03-14 00:00:00+00:00,1340.0,1341.0,1338.0,1340.0,796593.0
خودرو,1week,2009-03-21 00:00:00+00:00,1339.0,1339.0,1339.0,1339.0,87786.0
خودرو,1week,2009-03-28 00:00:00+00:00,1343.0,1347.0,1336.0,1336.0,1217650.0
خودرو,1week,2009-04-04 00:00:00+00:00,1345.0,1350.0,1342.0,1349.0,1838112.0
خودرو,1week,2009-04-11 00:00:00+00:00,1352.0,1367.0,1352.0,1366.0,2085605.0
خودرو,1week,2009-04-18 00:00:00+00:00,1365.0,1381.0,1365.0,1380.0,1673320.0
خودرو,1week,2009-04-25 00:00:00+00:00,1380.0,1389.0,1380.0,1388.0,825727.0
خودرو,1week,2009-05-02 00:00:00+00:00,1390.0,1392.0,1385.0,1390.0,1016825.0
خودرو,1week,2009-05-09 00:00:00+00:00,1387.0,1389.0,1385.0,1385.0,1071098.0
خودرو,1week,2009-05-16 00:00:00+00:00,1385.0,1386.0,1384.0,1385.0,974279.0
خودرو,1week,2009-05-23 00:00:00+00:00,1384.0,1388.0,1341.0,1386.0,1229281.0
خودرو,1week,2009-05-30 00:00:00+00:00,1385.0,1387.0,1384.0,1385.0,1044664.0
خودرو,1week,2009-06-06 00:00:00+00:00,1385.0,1387.0,1385.0,1385.0,1083084.0
خودرو,1week,2009-06-13 00:00:00+00:00,1387.0,1388.0,1385.0,1387.0,887771.0
خودرو,1week,2009-11-14 00:00:00+00:00,1528.0,1705.0,1430.0,1500.0,17336690.0
خودرو,1week,2009-11-21 00:00:00+00:00,1490.0,1490.0,1398.0,1420.0,11929415.0
خودرو,1week,2009-11-28 00:00:00+00:00,1387.0,1414.0,1379.0,1379.0,5363554.0
خودرو,1week,2009-12-05 00:00:00+00:00,1338.0,1400.0,1316.0,1316.0,2759862.0
خودرو,1week,2009-12-12 00:00:00+00:00,1308.0,1369.0,1230.0,1230.0,14368322.0
خودرو,1week,2009-12-19 00:00:00+00:00,1219.0,1330.0,1219.0,1263.0,3449099.0
خودرو,1week,2009-12-26 00:00:00+00:00,1238.0,1294.0,1231.0,1231.0,922157.0
خودرو,1week,2010-01-02 00:00:00+00:00,1288.0,1314.0,1226.0,1227.0,13028191.0
خودرو,1week,2010-01-09 00:00:00+00:00,1240.0,1240.0,1157.0,1180.0,4439858.0
خودرو,1week,2010-01-16 00:00:00+00:00,1165.0,1195.0,1139.0,1139.0,1443174.0
خودرو,1week,2010-01-23 00:00:00+00:00,1140.0,1222.0,1138.0,1222.0,2050340.0
خودرو,1week,2010-01-30 00:00:00+00:00,1228.0,1242.0,1226.0,1242.0,979879.0
خودرو,1week,2010-02-06 00:00:00+00:00,1245.0,1247.0,1181.0,1199.0,2821185.0
خودرو,1week,2010-02-13 00:00:00+00:00,1200.0,1263.0,1189.0,1260.0,1364567.0
خودرو,1week,2010-02-20 00:00:00+00:00,1267.0,1354.0,1221.0,1342.0,6768805.0
خودرو,1week,2010-02-27 00:00:00+00:00,1310.0,1329.0,1265.0,1265.0,3866268.0
خودرو,1week,2010-03-06 00:00:00+00:00,1280.0,1334.0,1263.0,1300.0,917872.0
خودرو,1week,2010-03-13 00:00:00+00:00,1246.0,1290.0,1199.0,1238.0,5878983.0
خودرو,1week,2010-03-27 00:00:00+00:00,1238.0,1285.0,1238.0,1285.0,605757.0
خودرو,1week,2010-04-03 00:00:00+00:00,1286.0,1353.0,1286.0,1353.0,6384397.0
خودرو,1week,2010-04-10 00:00:00+00:00,1400.0,1605.0,1400.0,1548.0,106775426.0
خودرو,1week,2010-04-17 00:00:00+00:00,1545.0,1759.0,1544.0,1732.0,72249895.0
خودرو,1week,2010-04-24 00:00:00+00:00,1700.0,1835.0,1588.0,1588.0,107844940.0
خودرو,1week,2010-05-01 00:00:00+00:00,1541.0,1647.0,1424.0,1440.0,12834988.0
خودرو,1week,2010-05-08 00:00:00+00:00,1428.0,1488.0,1428.0,1488.0,1130167.0
خودرو,1week,2010-05-15 00:00:00+00:00,1495.0,1539.0,1495.0,1539.0,4638736.0
خودرو,1week,2010-05-22 00:00:00+00:00,1592.0,1706.0,1551.0,1706.0,56781304.0
خودرو,1week,2010-05-29 00:00:00+00:00,1751.0,1843.0,1667.0,1843.0,47712043.0
خودرو,1week,2010-06-05 00:00:00+00:00,1865.0,1942.0,1813.0,1813.0,27727513.0
خودرو,1week,2010-06-12 00:00:00+00:00,1771.0,1964.0,1771.0,1889.0,23097359.0
خودرو,1week,2010-06-19 00:00:00+00:00,1890.0,1923.0,1790.0,1865.0,36930702.0
خودرو,1week,2010-06-26 00:00:00+00:00,1890.0,1900.0,1732.0,1773.0,17887876.0
خودرو,1week,2010-07-03 00:00:00+00:00,1698.0,1908.0,1698.0,1900.0,22534761.0
خودرو,1week,2010-07-10 00:00:00+00:00,1888.0,1963.0,1801.0,1821.0,18386961.0
خودرو,1week,2010-07-17 00:00:00+00:00,1805.0,1907.0,1784.0,1907.0,7909329.0
خودرو,1week,2010-07-24 00:00:00+00:00,1770.0,1906.0,1770.0,1906.0,5655324.0
خودرو,1week,2010-07-31 00:00:00+00:00,1910.0,2116.0,1832.0,2116.0,35538060.0
خودرو,1week,2010-08-07 00:00:00+00:00,2170.0,2445.0,2166.0,2336.0,90019205.0
خودرو,1week,2010-08-14 00:00:00+00:00,2300.0,2439.0,2193.0,2350.0,52263098.0
خودرو,1week,2010-08-21 00:00:00+00:00,2370.0,2380.0,2222.0,2320.0,12280086.0
خودرو,1week,2010-08-28 00:00:00+00:00,2300.0,2631.0,2282.0,2631.0,35837432.0
خودرو,1week,2010-09-04 00:00:00+00:00,2690.0,2802.0,2560.0,2602.0,37515490.0
خودرو,1week,2010-09-11 00:00:00+00:00,2600.0,2799.0,2554.0,2624.0,27906327.0
خودرو,1week,2010-09-18 00:00:00+00:00,2535.0,2650.0,2358.0,2576.0,11856130.0
خودرو,1week,2010-09-25 00:00:00+00:00,2576.0,2629.0,2348.0,2359.0,8022960.0
خودرو,1week,2010-10-02 00:00:00+00:00,2350.0,2399.0,2218.0,2244.0,10567430.0
خودرو,1week,2010-10-09 00:00:00+00:00,2260.0,2260.0,1919.0,1920.0,23023830.0
خودرو,1week,2010-10-16 00:00:00+00:00,1870.0,2134.0,1870.0,2134.0,10458511.0
خودرو,1week,2010-10-23 00:00:00+00:00,2150.0,2285.0,2100.0,2285.0,6919257.0
خودرو,1week,2010-10-30 00:00:00+00:00,2335.0,2390.0,2290.0,2340.0,16627956.0
خودرو,1week,2010-11-06 00:00:00+00:00,2290.0,2536.0,2280.0,2536.0,21538318.0
خودرو,1week,2010-11-13 00:00:00+00:00,2460.0,2549.0,2350.0,2380.0,6147849.0
خودرو,1week,2010-11-20 00:00:00+00:00,2330.0,2455.0,2296.0,2455.0,13633699.0
خودرو,1week,2010-11-27 00:00:00+00:00,2400.0,2471.0,2377.0,2405.0,18991409.0
خودرو,1week,2010-12-04 00:00:00+00:00,2390.0,2499.0,2342.0,2499.0,13208937.0
خودرو,1week,2010-12-11 00:00:00+00:00,2594.0,2666.0,2500.0,2619.0,17005674.0
خودرو,1week,2010-12-18 00:00:00+00:00,2503.0,2698.0,2461.0,2698.0,4626513.0
خودرو,1week,2010-12-25 00:00:00+00:00,2733.0,3271.0,2733.0,3083.0,17259307.0
خودرو,1week,2011-01-01 00:00:00+00:00,2999.0,3322.0,2930.0,3322.0,11391834.0
خودرو,1week,2011-01-08 00:00:00+00:00,3390.0,3760.0,3390.0,3580.0,55473835.0
خودرو,1week,2011-01-15 00:00:00+00:00,3488.0,4012.0,3370.0,4012.0,15750526.0
خودرو,1week,2011-03-05 00:00:00+00:00,4100.0,4786.0,4100.0,4500.0,212174352.0
خودرو,1week,2011-03-12 00:00:00+00:00,4413.0,4589.0,4267.0,4319.0,26162547.0
خودرو,1week,2011-03-19 00:00:00+00:00,4260.0,4495.0,4252.0,4336.0,37021523.0
خودرو,1week,2011-03-26 00:00:00+00:00,4488.0,4805.0,4420.0,4649.0,9090169.0
خودرو,1week,2011-04-02 00:00:00+00:00,4500.0,4780.0,4479.0,4480.0,11897580.0
خودرو,1week,2011-04-09 00:00:00+00:00,4361.0,4499.0,4081.0,4250.0,10625255.0
خودرو,1week,2011-04-16 00:00:00+00:00,4110.0,4333.0,4056.0,4150.0,7191146.0
خودرو,1week,2011-04-23 00:00:00+00:00,4140.0,4140.0,3838.0,3843.0,6592132.0
خودرو,1week,2011-04-30 00:00:00+00:00,3770.0,3980.0,3636.0,3897.0,11943057.0
خودرو,1week,2011-05-07 00:00:00+00:00,4041.0,4477.0,3755.0,4477.0,23450686.0
خودرو,1week,2011-05-14 00:00:00+00:00,4652.0,4816.0,4295.0,4295.0,130496120.0
خودرو,1week,2011-05-21 00:00:00+00:00,4199.0,4200.0,3816.0,3816.0,5572964.0
خودرو,1week,2011-05-28 00:00:00+00:00,3800.0,3949.0,3665.0,3665.0,7366346.0
خودرو,1week,2011-06-04 00:00:00+00:00,3665.0,3700.0,3484.0,3484.0,3755277.0
خودرو,1week,2011-06-11 00:00:00+00:00,3404.0,3546.0,3274.0,3546.0,4795040.0
خودرو,1week,2011-07-02 00:00:00+00:00,3470.0,3499.0,3293.0,3430.0,6320369.0
خودرو,1week,2011-07-09 00:00:00+00:00,3311.0,3450.0,3195.0,3345.0,244363532.0
خودرو,1week,2011-07-16 00:00:00+00:00,3210.0,3400.0,3171.0,3399.0,171932059.0
خودرو,1week,2011-07-23 00:00:00+00:00,3300.0,3399.0,3153.0,3153.0,126182456.0
خودرو,1week,2011-07-30 00:00:00+00:00,3130.0,3275.0,3055.0,3144.0,3057256.0
خودرو,1week,2011-08-06 00:00:00+00:00,3075.0,3100.0,3001.0,3020.0,51610655.0
خودرو,1week,2011-08-13 00:00:00+00:00,3030.0,3275.0,2976.0,3106.0,3581891.0
خودرو,1week,2011-08-20 00:00:00+00:00,3149.0,3312.0,3040.0,3312.0,4233004.0
خودرو,1week,2011-08-27 00:00:00+00:00,3300.0,3403.0,3143.0,3280.0,1974381.0
خودرو,1week,2011-09-03 00:00:00+00:00,3305.0,3435.0,3181.0,3435.0,6123491.0
خودرو,1week,2011-09-10 00:00:00+00:00,3520.0,3649.0,3454.0,3600.0,6560398.0
خودرو,1week,2011-09-17 00:00:00+00:00,3560.0,3570.0,3300.0,3300.0,5417484.0
خودرو,1week,2011-09-24 00:00:00+00:00,3300.0,3400.0,3200.0,3210.0,2620675.0
خودرو,1week,2011-10-01 00:00:00+00:00,3204.0,3396.0,3120.0,3191.0,4737198.0
خودرو,1week,2011-10-08 00:00:00+00:00,3150.0,3200.0,3120.0,3120.0,2647421.0
خودرو,1week,2011-10-15 00:00:00+00:00,3100.0,3181.0,2944.0,3065.0,4815181.0
خودرو,1week,2011-11-12 00:00:00+00:00,2190.0,2190.0,2016.0,2016.0,4130302.0
خودرو,1week,2011-11-19 00:00:00+00:00,2002.0,2030.0,1978.0,1978.0,1271664.0
خودرو,1week,2011-11-26 00:00:00+00:00,1975.0,2060.0,1906.0,1950.0,5113289.0
خودرو,1week,2011-12-03 00:00:00+00:00,1930.0,2094.0,1911.0,2094.0,2069238.0
خودرو,1week,2011-12-10 00:00:00+00:00,2106.0,2145.0,1954.0,2145.0,6421540.0
خودرو,1week,2011-12-17 00:00:00+00:00,2229.0,2357.0,2190.0,2210.0,18022815.0
خودرو,1week,2011-12-24 00:00:00+00:00,2185.0,2249.0,2160.0,2180.0,4017803.0
خودرو,1week,2011-12-31 00:00:00+00:00,2101.0,2256.0,2084.0,2110.0,3951257.0
خودرو,1week,2012-01-07 00:00:00+00:00,2200.0,2220.0,2110.0,2150.0,3549823.0
خودرو,1week,2012-01-14 00:00:00+00:00,2181.0,2224.0,2109.0,2109.0,7273623.0
خودرو,1week,2012-01-21 00:00:00+00:00,2121.0,2137.0,2070.0,2070.0,951634.0
خودرو,1week,2012-01-28 00:00:00+00:00,2121.0,2199.0,2035.0,2035.0,3459160.0
خودرو,1week,2012-02-04 00:00:00+00:00,2031.0,2031.0,2019.0,2019.0,562250.0
خودرو,1week,2012-02-11 00:00:00+00:00,2018.0,2088.0,2006.0,2006.0,2758467.0
خودرو,1week,2012-02-18 00:00:00+00:00,2004.0,2135.0,1945.0,1950.0,5880120.0
خودرو,1week,2012-02-25 00:00:00+00:00,1936.0,2000.0,1920.0,1968.0,2039723.0
خودرو,1week,2012-03-03 00:00:00+00:00,1970.0,2020.0,1884.0,1978.0,2038557.0
خودرو,1week,2012-03-10 00:00:00+00:00,1970.0,2045.0,1891.0,1901.0,8911745.0
خودرو,1week,2012-03-24 00:00:00+00:00,2030.0,2030.0,1926.0,1926.0,2350726.0
خودرو,1week,2012-03-31 00:00:00+00:00,1900.0,1905.0,1877.0,1877.0,916400.0
خودرو,1week,2012-04-07 00:00:00+00:00,1873.0,1873.0,1669.0,1719.0,6452922.0
خودرو,1week,2012-04-14 00:00:00+00:00,1720.0,1829.0,1720.0,1740.0,12348577.0
خودرو,1week,2012-04-21 00:00:00+00:00,1739.0,1739.0,1644.0,1650.0,3794109.0
خودرو,1week,2012-04-28 00:00:00+00:00,1650.0,1760.0,1643.0,1689.0,3079923.0
خودرو,1week,2012-05-05 00:00:00+00:00,1660.0,1700.0,1620.0,1620.0,2479860.0
خودرو,1week,2012-05-12 00:00:00+00:00,1609.0,1650.0,1590.0,1590.0,1896092.0
خودرو,1week,2012-05-19 00:00:00+00:00,1593.0,1685.0,1569.0,1685.0,2687540.0
خودرو,1week,2012-05-26 00:00:00+00:00,1674.0,1674.0,1551.0,1561.0,1876815.0
خودرو,1week,2012-06-02 00:00:00+00:00,1597.0,1599.0,1538.0,1538.0,960683.0
خودرو,1week,2012-06-09 00:00:00+00:00,1535.0,1560.0,1505.0,1519.0,2176074.0
خودرو,1week,2012-06-16 00:00:00+00:00,1540.0,1540.0,1475.0,1475.0,1777998.0
خودرو,1week,2012-06-23 00:00:00+00:00,1473.0,1473.0,1466.0,1466.0,366212.0
خودرو,1week,2012-06-30 00:00:00+00:00,1465.0,1479.0,1405.0,1439.0,5586559.0
خودرو,1week,2012-07-07 00:00:00+00:00,1402.0,1474.0,1361.0,1395.0,2908389.0
خودرو,1week,2012-07-21 00:00:00+00:00,1340.0,1349.0,1263.0,1263.0,7683966.0
خودرو,1week,2012-07-28 00:00:00+00:00,1245.0,1245.0,1225.0,1225.0,1404189.0
خودرو,1week,2012-08-04 00:00:00+00:00,1224.0,1224.0,1224.0,1224.0,175085.0
خودرو,1week,2012-08-11 00:00:00+00:00,1223.0,1223.0,1222.0,1222.0,116420.0
خودرو,1week,2012-08-18 00:00:00+00:00,1221.0,1221.0,1219.0,1219.0,301915.0
خودرو,1week,2012-08-25 00:00:00+00:00,1217.0,1217.0,1077.0,1077.0,486530.0
خودرو,1week,2012-09-01 00:00:00+00:00,1075.0,1179.0,1069.0,1179.0,10954613.0
خودرو,1week,2012-09-08 00:00:00+00:00,1206.0,1308.0,1181.0,1308.0,21836233.0
خودرو,1week,2012-09-15 00:00:00+00:00,1302.0,1469.0,1264.0,1469.0,209991922.0
خودرو,1week,2012-09-22 00:00:00+00:00,1527.0,1733.0,1500.0,1733.0,129187602.0
خودرو,1week,2012-09-29 00:00:00+00:00,1775.0,1867.0,1656.0,1656.0,327290737.0
خودرو,1week,2012-10-06 00:00:00+00:00,1651.0,1714.0,1586.0,1632.0,198189145.0
خودرو,1week,2012-10-13 00:00:00+00:00,1600.0,1640.0,1455.0,1455.0,25340635.0
خودرو,1week,2012-10-20 00:00:00+00:00,1450.0,1450.0,1237.0,1320.0,32103498.0
خودرو,1week,2012-10-27 00:00:00+00:00,1328.0,1358.0,1220.0,1220.0,16187993.0
خودرو,1week,2012-11-03 00:00:00+00:00,1226.0,1298.0,1185.0,1213.0,28532383.0
خودرو,1week,2012-11-10 00:00:00+00:00,1214.0,1230.0,1065.0,1080.0,28845833.0
خودرو,1week,2012-11-17 00:00:00+00:00,1090.0,1218.0,1035.0,1189.0,38576279.0
خودرو,1week,2012-11-24 00:00:00+00:00,1210.0,1258.0,1150.0,1258.0,34371613.0
خودرو,1week,2012-12-01 00:00:00+00:00,1300.0,1303.0,1159.0,1190.0,30621806.0
خودرو,1week,2012-12-08 00:00:00+00:00,1225.0,1236.0,1122.0,1189.0,20452247.0
خودرو,1week,2012-12-15 00:00:00+00:00,1234.0,1234.0,1200.0,1220.0,9002575.0
خودرو,1week,2012-12-22 00:00:00+00:00,1116.0,1138.0,1072.0,1099.0,19518392.0
خودرو,1week,2013-02-16 00:00:00+00:00,1000.0,1020.0,913.0,974.0,26418843.0
خودرو,1week,2013-02-23 00:00:00+00:00,996.0,1020.0,930.0,930.0,21717312.0
خودرو,1week,2013-03-02 00:00:00+00:00,950.0,1003.0,919.0,965.0,28516317.0
خودرو,1week,2013-03-09 00:00:00+00:00,960.0,969.0,920.0,945.0,13545164.0
خودرو,1week,2013-03-16 00:00:00+00:00,931.0,970.0,930.0,960.0,10195105.0
خودرو,1week,2013-04-13 00:00:00+00:00,922.0,922.0,865.0,865.0,9747671.0
خودرو,1week,2013-04-20 00:00:00+00:00,860.0,918.0,842.0,918.0,9671514.0
خودرو,1week,2013-04-27 00:00:00+00:00,928.0,1015.0,920.0,1015.0,13835631.0
خودرو,1week,2013-05-04 00:00:00+00:00,1054.0,1084.0,1017.0,1017.0,12351209.0
خودرو,1week,2013-05-11 00:00:00+00:00,1015.0,1090.0,979.0,979.0,10695917.0
خودرو,1week,2013-05-18 00:00:00+00:00,958.0,998.0,933.0,934.0,8189911.0
خودرو,1week,2013-05-25 00:00:00+00:00,922.0,974.0,905.0,964.0,11981995.0
خودرو,1week,2013-06-01 00:00:00+00:00,934.0,1016.0,921.0,1016.0,9995275.0
خودرو,1week,2013-06-29 00:00:00+00:00,1274.0,1405.0,1274.0,1385.0,279333677.0
خودرو,1week,2013-07-06 00:00:00+00:00,1413.0,1630.0,1413.0,1521.0,292144641.0
خودرو,1week,2013-07-13 00:00:00+00:00,1493.0,1510.0,1410.0,1483.0,268964081.0
خودرو,1week,2013-07-20 00:00:00+00:00,1507.0,1800.0,1500.0,1695.0,40665643.0
خودرو,1week,2013-07-27 00:00:00+00:00,1701.0,1708.0,1559.0,1677.0,30272134.0
خودرو,1week,2013-08-03 00:00:00+00:00,1680.0,1729.0,1461.0,1524.0,196254208.0
خودرو,1week,2013-08-10 00:00:00+00:00,1890.0,1985.0,1822.0,1985.0,66759222.0
خودرو,1week,2013-08-17 00:00:00+00:00,2032.0,2132.0,1960.0,2132.0,128101855.0
خودرو,1week,2013-08-24 00:00:00+00:00,2170.0,2307.0,2131.0,2171.0,88235958.0
خودرو,1week,2013-08-31 00:00:00+00:00,2160.0,2227.0,1971.0,1971.0,36125469.0
خودرو,1week,2013-09-07 00:00:00+00:00,1968.0,2062.0,1902.0,1902.0,50505891.0
خودرو,1week,2013-09-14 00:00:00+00:00,1950.0,2042.0,1872.0,2042.0,77271849.0
خودرو,1week,2013-09-21 00:00:00+00:00,2121.0,2422.0,2121.0,2422.0,195583142.0
خودرو,1week,2013-09-28 00:00:00+00:00,2503.0,2603.0,2403.0,2500.0,218587686.0
خودرو,1week,2013-10-05 00:00:00+00:00,2462.0,2524.0,2342.0,2440.0,138017881.0
خودرو,1week,2013-10-12 00:00:00+00:00,2479.0,2753.0,2401.0,2753.0,119645609.0
خودرو,1week,2013-10-19 00:00:00+00:00,2858.0,3170.0,2744.0,2990.0,202746073.0
خودرو,1week,2013-10-26 00:00:00+00:00,2905.0,3022.0,2792.0,2900.0,193102609.0
خودرو,1week,2013-11-02 00:00:00+00:00,2900.0,2938.0,2600.0,2640.0,91703467.0
خودرو,1week,2013-11-09 00:00:00+00:00,2766.0,2766.0,2660.0,2680.0,4490037.0
خودرو,1week,2013-11-16 00:00:00+00:00,2900.0,3043.0,2742.0,2800.0,111004055.0
خودرو,1week,2013-11-23 00:00:00+00:00,2910.0,3247.0,2880.0,3247.0,53137480.0
خودرو,1week,2013-11-30 00:00:00+00:00,3374.0,3645.0,3326.0,3419.0,194773415.0
خودرو,1week,2013-12-07 00:00:00+00:00,3480.0,3516.0,3212.0,3300.0,243591685.0
خودرو,1week,2013-12-14 00:00:00+00:00,3216.0,3487.0,3080.0,3487.0,235135610.0
خودرو,1week,2013-12-21 00:00:00+00:00,3590.0,3606.0,3262.0,3262.0,97926337.0
خودرو,1week,2013-12-28 00:00:00+00:00,3231.0,3442.0,3145.0,3442.0,301142043.0
خودرو,1week,2014-01-04 00:00:00+00:00,3570.0,4050.0,3451.0,3835.0,465369171.0
خودرو,1week,2014-01-11 00:00:00+00:00,3850.0,3930.0,3636.0,3688.0,178485760.0
خودرو,1week,2014-01-18 00:00:00+00:00,3720.0,3720.0,3247.0,3247.0,77442466.0
خودرو,1week,2014-01-25 00:00:00+00:00,3260.0,3434.0,3144.0,3408.0,191775286.0
خودرو,1week,2014-02-01 00:00:00+00:00,3538.0,3660.0,3401.0,3441.0,231821358.0
خودرو,1week,2014-02-08 00:00:00+00:00,3321.0,3321.0,3065.0,3065.0,42819421.0
خودرو,1week,2014-02-15 00:00:00+00:00,3063.0,3197.0,2935.0,3000.0,91993182.0
خودرو,1week,2014-02-22 00:00:00+00:00,3010.0,3189.0,2832.0,2838.0,54993512.0
خودرو,1week,2014-03-01 00:00:00+00:00,2850.0,2970.0,2638.0,2646.0,48347117.0
خودرو,1week,2014-04-05 00:00:00+00:00,2741.0,2798.0,2594.0,2640.0,119558427.0
خودرو,1week,2014-04-12 00:00:00+00:00,2590.0,2640.0,2229.0,2285.0,123835498.0
خودرو,1week,2014-04-19 00:00:00+00:00,2270.0,2445.0,2224.0,2311.0,89826413.0
خودرو,1week,2014-04-26 00:00:00+00:00,2399.0,2532.0,2350.0,2476.0,155262246.0
خودرو,1week,2014-05-03 00:00:00+00:00,2501.0,2717.0,2433.0,2690.0,267668334.0
خودرو,1week,2014-05-10 00:00:00+00:00,2695.0,2865.0,2560.0,2865.0,175249402.0
خودرو,1week,2014-05-17 00:00:00+00:00,2740.0,2968.0,2740.0,2860.0,393814146.0
خودرو,1week,2014-05-24 00:00:00+00:00,2895.0,2931.0,2707.0,2871.0,175918152.0
خودرو,1week,2014-05-31 00:00:00+00:00,2900.0,2928.0,2693.0,2798.0,78184555.0
خودرو,1week,2014-06-07 00:00:00+00:00,2760.0,2870.0,2660.0,2790.0,212886016.0
خودرو,1week,2014-06-14 00:00:00+00:00,2839.0,2839.0,2620.0,2782.0,174497136.0
خودرو,1week,2014-06-21 00:00:00+00:00,2766.0,2829.0,2498.0,2498.0,80710277.0
خودرو,1week,2014-06-28 00:00:00+00:00,2430.0,2520.0,2256.0,2511.0,99568464.0
خودرو,1week,2014-07-05 00:00:00+00:00,2611.0,2934.0,2600.0,2865.0,221080237.0
خودرو,1week,2014-07-12 00:00:00+00:00,2798.0,2939.0,2701.0,2861.0,119574861.0
خودرو,1week,2014-07-19 00:00:00+00:00,2750.0,2949.0,2750.0,2800.0,39619978.0
خودرو,1week,2014-07-26 00:00:00+00:00,2770.0,2788.0,2635.0,2699.0,31737059.0
خودرو,1week,2014-08-02 00:00:00+00:00,2680.0,2680.0,2500.0,2570.0,46128933.0
خودرو,1week,2014-08-09 00:00:00+00:00,2568.0,2719.0,2507.0,2636.0,88090855.0
خودرو,1week,2014-08-16 00:00:00+00:00,2640.0,2647.0,2510.0,2517.0,58040336.0
خودرو,1week,2014-08-23 00:00:00+00:00,2526.0,2619.0,2496.0,2500.0,67035665.0
خودرو,1week,2014-08-30 00:00:00+00:00,2490.0,2518.0,2375.0,2400.0,73067348.0
خودرو,1week,2014-09-06 00:00:00+00:00,2399.0,2482.0,2271.0,2345.0,78599637.0
خودرو,1week,2014-09-13 00:00:00+00:00,2304.0,2449.0,2254.0,2420.0,57465593.0
خودرو,1week,2014-09-20 00:00:00+00:00,2430.0,2662.0,2425.0,2628.0,64300095.0
خودرو,1week,2014-09-27 00:00:00+00:00,2600.0,2635.0,2526.0,2580.0,79289157.0
خودرو,1week,2014-10-04 00:00:00+00:00,2588.0,2649.0,2570.0,2614.0,33006141.0
خودرو,1week,2014-10-11 00:00:00+00:00,2619.0,2790.0,2600.0,2760.0,87620374.0
خودرو,1week,2014-10-18 00:00:00+00:00,2798.0,3080.0,2770.0,2925.0,215761361.0
خودرو,1week,2014-10-25 00:00:00+00:00,3070.0,3080.0,2907.0,3049.0,162077544.0
خودرو,1week,2014-11-01 00:00:00+00:00,3060.0,3265.0,3056.0,3217.0,174729946.0
خودرو,1week,2014-11-08 00:00:00+00:00,3226.0,3270.0,3100.0,3140.0,162459053.0
خودرو,1week,2014-11-15 00:00:00+00:00,3079.0,3150.0,2964.0,3010.0,150150356.0
خودرو,1week,2014-11-22 00:00:00+00:00,3047.0,3286.0,3000.0,3013.0,277757772.0
خودرو,1week,2014-11-29 00:00:00+00:00,3051.0,3085.0,2636.0,2637.0,170969242.0
خودرو,1week,2014-12-06 00:00:00+00:00,2722.0,2794.0,2616.0,2697.0,99083884.0
خودرو,1week,2014-12-13 00:00:00+00:00,2700.0,2700.0,2489.0,2510.0,90279387.0
خودرو,1week,2014-12-20 00:00:00+00:00,2498.0,2780.0,2480.0,2714.0,43163463.0
خودرو,1week,2014-12-27 00:00:00+00:00,2721.0,2799.0,2631.0,2681.0,36904839.0
خودرو,1week,2015-01-03 00:00:00+00:00,2690.0,2752.0,2540.0,2589.0,67004456.0
خودرو,1week,2015-01-10 00:00:00+00:00,2601.0,2649.0,2400.0,2630.0,61245051.0
خودرو,1week,2015-01-17 00:00:00+00:00,2612.0,2715.0,2332.0,2355.0,92764381.0
خودرو,1week,2015-01-24 00:00:00+00:00,2362.0,2559.0,2300.0,2559.0,95627305.0
خودرو,1week,2015-01-31 00:00:00+00:00,2589.0,2820.0,2579.0,2740.0,109389165.0
خودرو,1week,2015-02-07 00:00:00+00:00,2770.0,2820.0,2602.0,2691.0,93021624.0
خودرو,1week,2015-02-14 00:00:00+00:00,2705.0,2850.0,2671.0,2687.0,86771230.0
خودرو,1week,2015-02-21 00:00:00+00:00,2680.0,2730.0,2580.0,2599.0,51745993.0
خودرو,1week,2015-02-28 00:00:00+00:00,2577.0,2685.0,2530.0,2639.0,121740870.0
خودرو,1week,2015-03-07 00:00:00+00:00,2500.0,2555.0,2461.0,2505.0,33819328.0
خودرو,1week,2015-03-14 00:00:00+00:00,2531.0,2789.0,2531.0,2788.0,107638782.0
خودرو,1week,2015-03-21 00:00:00+00:00,2810.0,2810.0,2766.0,2780.0,3874458.0
خودرو,1week,2015-03-28 00:00:00+00:00,2789.0,2980.0,2750.0,2883.0,119625470.0
خودرو,1week,2015-04-04 00:00:00+00:00,2998.0,3241.0,2998.0,3150.0,223104613.0
خودرو,1week,2015-04-11 00:00:00+00:00,3100.0,3150.0,2851.0,2980.0,138995294.0
خودرو,1week,2015-04-18 00:00:00+00:00,2950.0,2990.0,2790.0,2924.0,46697115.0
خودرو,1week,2015-04-25 00:00:00+00:00,2938.0,2970.0,2770.0,2810.0,27140407.0
خودرو,1week,2015-05-02 00:00:00+00:00,2831.0,2849.0,2648.0,2718.0,53933268.0
خودرو,1week,2015-05-09 00:00:00+00:00,2670.0,2715.0,2525.0,2661.0,39074434.0
خودرو,1week,2015-05-16 00:00:00+00:00,2633.0,2640.0,2554.0,2600.0,26526458.0
خودرو,1week,2015-05-23 00:00:00+00:00,2584.0,2692.0,2550.0,2605.0,30168068.0
خودرو,1week,2015-05-30 00:00:00+00:00,2610.0,2645.0,2566.0,2608.0,13058990.0
خودرو,1week,2015-06-06 00:00:00+00:00,2598.0,2629.0,2460.0,2560.0,22243906.0
خودرو,1week,2015-06-13 00:00:00+00:00,2533.0,2661.0,2479.0,2661.0,18444540.0
خودرو,1week,2015-06-20 00:00:00+00:00,2749.0,2891.0,2650.0,2800.0,35865031.0
خودرو,1week,2015-06-27 00:00:00+00:00,2778.0,2906.0,2671.0,2879.0,49912368.0
خودرو,1week,2015-07-04 00:00:00+00:00,2969.0,3121.0,2937.0,3090.0,103373830.0
خودرو,1week,2015-07-11 00:00:00+00:00,2999.0,3194.0,2950.0,3030.0,91571570.0
خودرو,1week,2015-07-18 00:00:00+00:00,2840.0,2840.0,2721.0,2730.0,15232360.0
خودرو,1week,2015-07-25 00:00:00+00:00,2723.0,2833.0,2610.0,2833.0,63267244.0
خودرو,1week,2015-08-01 00:00:00+00:00,2860.0,2905.0,2723.0,2758.0,41378747.0
خودرو,1week,2015-08-08 00:00:00+00:00,2754.0,2756.0,2651.0,2668.0,19943862.0
خودرو,1week,2015-08-15 00:00:00+00:00,2650.0,2666.0,2561.0,2568.0,23069660.0
خودرو,1week,2015-08-22 00:00:00+00:00,2572.0,2625.0,2375.0,2470.0,39556299.0
خودرو,1week,2015-08-29 00:00:00+00:00,2500.0,2601.0,2461.0,2497.0,25853910.0
خودرو,1week,2015-09-05 00:00:00+00:00,2505.0,2593.0,2445.0,2470.0,29824714.0
خودرو,1week,2015-09-12 00:00:00+00:00,2490.0,2514.0,2245.0,2251.0,38945168.0
خودرو,1week,2015-09-19 00:00:00+00:00,2267.0,2320.0,2050.0,2107.0,41330551.0
خودرو,1week,2015-09-26 00:00:00+00:00,2100.0,2108.0,1980.0,2023.0,25307260.0
خودرو,1week,2015-10-03 00:00:00+00:00,2019.0,2019.0,1750.0,1764.0,68320827.0
خودرو,1week,2015-10-10 00:00:00+00:00,1749.0,1902.0,1662.0,1902.0,44572050.0
خودرو,1week,2015-10-17 00:00:00+00:00,1950.0,2120.0,1911.0,1918.0,92920889.0
خودرو,1week,2015-10-24 00:00:00+00:00,1815.0,1894.0,1810.0,1865.0,14923969.0
خودرو,1week,2015-10-31 00:00:00+00:00,1850.0,2014.0,1830.0,1935.0,321627386.0
خودرو,1week,2015-11-07 00:00:00+00:00,1972.0,2110.0,1972.0,2043.0,238909376.0
خودرو,1week,2015-11-14 00:00:00+00:00,2050.0,2080.0,1886.0,1886.0,65661201.0
خودرو,1week,2015-12-05 00:00:00+00:00,1698.0,1698.0,1550.0,1611.0,47085766.0
خودرو,1week,2015-12-12 00:00:00+00:00,1619.0,1678.0,1572.0,1580.0,19448003.0
خودرو,1week,2015-12-19 00:00:00+00:00,1598.0,1598.0,1453.0,1519.0,35560216.0
خودرو,1week,2015-12-26 00:00:00+00:00,1504.0,1580.0,1490.0,1580.0,30125439.0
خودرو,1week,2016-01-02 00:00:00+00:00,1571.0,1704.0,1523.0,1704.0,64180520.0
خودرو,1week,2016-01-09 00:00:00+00:00,1748.0,1891.0,1633.0,1872.0,86116838.0
خودرو,1week,2016-01-16 00:00:00+00:00,1940.0,2123.0,1860.0,2123.0,169394168.0
خودرو,1week,2016-01-23 00:00:00+00:00,2143.0,2574.0,2061.0,2415.0,316713635.0
خودرو,1week,2016-01-30 00:00:00+00:00,2470.0,2568.0,2302.0,2438.0,274500764.0
خودرو,1week,2016-02-06 00:00:00+00:00,2495.0,2832.0,2471.0,2832.0,75488445.0
خودرو,1week,2016-02-13 00:00:00+00:00,2955.0,3406.0,2831.0,3406.0,624533606.0
خودرو,1week,2016-02-20 00:00:00+00:00,3389.0,3499.0,3097.0,3438.0,607456385.0
خودرو,1week,2016-02-27 00:00:00+00:00,3544.0,3680.0,3331.0,3670.0,477010039.0
خودرو,1week,2016-03-05 00:00:00+00:00,3700.0,4236.0,3681.0,4140.0,415013759.0
خودرو,1week,2016-03-12 00:00:00+00:00,4348.0,4784.0,4348.0,4502.0,510917884.0
خودرو,1week,2016-03-26 00:00:00+00:00,4580.0,4630.0,3865.0,4234.0,272696440.0
خودرو,1week,2016-04-02 00:00:00+00:00,4280.0,4532.0,4008.0,4288.0,422449560.0
خودرو,1week,2016-04-09 00:00:00+00:00,4470.0,4575.0,3856.0,3856.0,355146670.0
خودرو,1week,2016-04-16 00:00:00+00:00,3761.0,3849.0,3276.0,3276.0,239907948.0
خودرو,1week,2016-04-23 00:00:00+00:00,3181.0,3580.0,3150.0,3580.0,274666869.0
خودرو,1week,2016-04-30 00:00:00+00:00,3749.0,4129.0,3623.0,4017.0,628382758.0
خودرو,1week,2016-05-07 00:00:00+00:00,4052.0,4090.0,3273.0,3321.0,378736071.0
خودرو,1week,2016-05-14 00:00:00+00:00,3301.0,3666.0,3301.0,3490.0,181667580.0
خودرو,1week,2016-05-21 00:00:00+00:00,3588.0,3799.0,3541.0,3662.0,106231282.0
خودرو,1week,2016-05-28 00:00:00+00:00,3644.0,3733.0,3440.0,3639.0,86873081.0
خودرو,1week,2016-06-04 00:00:00+00:00,3669.0,3789.0,3560.0,3566.0,72860895.0
خودرو,1week,2016-06-11 00:00:00+00:00,3521.0,3639.0,3150.0,3369.0,114887680.0
خودرو,1week,2016-06-18 00:00:00+00:00,3398.0,3400.0,3052.0,3394.0,131824439.0
خودرو,1week,2016-06-25 00:00:00+00:00,3420.0,3667.0,3260.0,3475.0,149800104.0
خودرو,1week,2016-07-02 00:00:00+00:00,3552.0,3581.0,3300.0,3420.0,111141019.0
خودرو,1week,2016-07-09 00:00:00+00:00,3270.0,3320.0,3052.0,3099.0,86110222.0
خودرو,1week,2016-07-16 00:00:00+00:00,3162.0,3233.0,3051.0,3160.0,65099188.0
خودرو,1week,2016-07-23 00:00:00+00:00,3348.0,3444.0,3150.0,3198.0,70474180.0
خودرو,1week,2016-07-30 00:00:00+00:00,3192.0,3349.0,3125.0,3330.0,99685513.0
خودرو,1week,2016-08-06 00:00:00+00:00,3340.0,3390.0,3169.0,3199.0,91260375.0
خودرو,1week,2016-08-13 00:00:00+00:00,3199.0,3297.0,3145.0,3155.0,60655379.0
خودرو,1week,2016-08-20 00:00:00+00:00,3190.0,3302.0,3120.0,3210.0,92176447.0
خودرو,1week,2016-08-27 00:00:00+00:00,3224.0,3249.0,3040.0,3050.0,62074498.0
خودرو,1week,2016-09-03 00:00:00+00:00,3058.0,3147.0,2870.0,3032.0,72717706.0
خودرو,1week,2016-09-10 00:00:00+00:00,3035.0,3144.0,2970.0,3010.0,48259113.0
خودرو,1week,2016-09-17 00:00:00+00:00,3046.0,3080.0,2969.0,3021.0,37932585.0
خودرو,1week,2016-09-24 00:00:00+00:00,3040.0,3280.0,3039.0,3127.0,78573444.0
خودرو,1week,2016-10-01 00:00:00+00:00,3242.0,3610.0,3129.0,3535.0,378105994.0
خودرو,1week,2016-10-08 00:00:00+00:00,3550.0,3648.0,3405.0,3524.0,66958084.0
خودرو,1week,2016-10-15 00:00:00+00:00,3560.0,3579.0,3285.0,3460.0,72171179.0
خودرو,1week,2016-10-22 00:00:00+00:00,3430.0,3540.0,3301.0,3326.0,71102159.0
خودرو,1week,2016-10-29 00:00:00+00:00,3350.0,3433.0,3240.0,3255.0,73897416.0
خودرو,1week,2016-11-05 00:00:00+00:00,3280.0,3450.0,3155.0,3231.0,108322680.0
خودرو,1week,2016-11-12 00:00:00+00:00,3200.0,3240.0,3040.0,3078.0,87083576.0
خودرو,1week,2016-11-19 00:00:00+00:00,3118.0,3139.0,3026.0,3037.0,31633598.0
خودرو,1week,2016-11-26 00:00:00+00:00,3028.0,3035.0,2856.0,2860.0,51899602.0
خودرو,1week,2016-12-03 00:00:00+00:00,2801.0,2846.0,2668.0,2846.0,142624986.0
خودرو,1week,2016-12-10 00:00:00+00:00,2873.0,2927.0,2652.0,2898.0,140749131.0
خودرو,1week,2016-12-17 00:00:00+00:00,2920.0,2950.0,2732.0,2800.0,53902988.0
خودرو,1week,2016-12-24 00:00:00+00:00,2820.0,2890.0,2687.0,2730.0,50477582.0
خودرو,1week,2016-12-31 00:00:00+00:00,2735.0,2863.0,2640.0,2648.0,65023803.0
خودرو,1week,2017-01-07 00:00:00+00:00,2670.0,2688.0,2455.0,2579.0,71339932.0
خودرو,1week,2017-01-14 00:00:00+00:00,2664.0,3000.0,2629.0,2950.0,152709992.0
خودرو,1week,2017-01-21 00:00:00+00:00,2990.0,3000.0,2770.0,2811.0,71899373.0
خودرو,1week,2017-01-28 00:00:00+00:00,2821.0,3048.0,2738.0,2915.0,119256043.0
خودرو,1week,2017-02-04 00:00:00+00:00,2945.0,2959.0,2780.0,2790.0,74938907.0
خودرو,1week,2017-02-11 00:00:00+00:00,2806.0,2837.0,2720.0,2737.0,48531159.0
خودرو,1week,2017-02-18 00:00:00+00:00,2750.0,2849.0,2750.0,2790.0,10850524.0
خودرو,1week,2017-03-11 00:00:00+00:00,2759.0,2759.0,2587.0,2614.0,54180577.0
خودرو,1week,2017-03-18 00:00:00+00:00,2615.0,2676.0,2577.0,2599.0,12007202.0
خودرو,1week,2017-03-25 00:00:00+00:00,2605.0,2798.0,2605.0,2749.0,30361278.0
خودرو,1week,2017-04-01 00:00:00+00:00,2750.0,2793.0,2720.0,2780.0,23581097.0
خودرو,1week,2017-04-08 00:00:00+00:00,2789.0,3023.0,2760.0,2939.0,84307889.0
خودرو,1week,2017-04-15 00:00:00+00:00,2905.0,3060.0,2780.0,2818.0,110332175.0
خودرو,1week,2017-04-22 00:00:00+00:00,2850.0,3020.0,2790.0,2800.0,60148842.0
خودرو,1week,2017-04-29 00:00:00+00:00,2804.0,2870.0,2759.0,2787.0,63665115.0
خودرو,1week,2017-05-06 00:00:00+00:00,2810.0,2880.0,2683.0,2790.0,71928360.0
خودرو,1week,2017-05-13 00:00:00+00:00,2820.0,2850.0,2730.0,2810.0,54632877.0
خودرو,1week,2017-05-20 00:00:00+00:00,2910.0,2947.0,2771.0,2800.0,60675566.0
خودرو,1week,2017-05-27 00:00:00+00:00,2793.0,2830.0,2651.0,2663.0,38399239.0
خودرو,1week,2017-06-10 00:00:00+00:00,2684.0,2743.0,2653.0,2729.0,17249298.0
خودرو,1week,2017-06-17 00:00:00+00:00,2725.0,2725.0,2605.0,2640.0,30932166.0
خودرو,1week,2017-06-24 00:00:00+00:00,2631.0,2700.0,2590.0,2601.0,19772523.0
خودرو,1week,2017-07-01 00:00:00+00:00,2605.0,2648.0,2540.0,2550.0,43713741.0
خودرو,1week,2017-07-08 00:00:00+00:00,2580.0,2719.0,2512.0,2628.0,47140403.0
خودرو,1week,2017-07-15 00:00:00+00:00,2625.0,2763.0,2550.0,2668.0,70561006.0
خودرو,1week,2017-07-22 00:00:00+00:00,2719.0,2719.0,2567.0,2590.0,22846107.0
خودرو,1week,2017-07-29 00:00:00+00:00,2570.0,2600.0,2502.0,2530.0,29413351.0
خودرو,1week,2017-08-05 00:00:00+00:00,2520.0,2629.0,2498.0,2520.0,30373812.0
خودرو,1week,2017-08-12 00:00:00+00:00,2507.0,2544.0,2399.0,2480.0,42272544.0
خودرو,1week,2017-08-19 00:00:00+00:00,2490.0,2500.0,2430.0,2439.0,24799282.0
خودرو,1week,2017-08-26 00:00:00+00:00,2445.0,2477.0,2406.0,2425.0,45547130.0
خودرو,1week,2017-09-02 00:00:00+00:00,2438.0,2470.0,2399.0,2399.0,22224632.0
خودرو,1week,2017-09-09 00:00:00+00:00,2414.0,2438.0,2316.0,2418.0,25914833.0
خودرو,1week,2017-09-16 00:00:00+00:00,2410.0,2607.0,2410.0,2607.0,49322084.0
خودرو,1week,2017-09-23 00:00:00+00:00,2699.0,2746.0,2623.0,2650.0,48505209.0
خودرو,1week,2017-09-30 00:00:00+00:00,2643.0,2643.0,2491.0,2562.0,19746435.0
خودرو,1week,2017-10-07 00:00:00+00:00,2560.0,2560.0,2380.0,2435.0,42883522.0
خودرو,1week,2017-10-14 00:00:00+00:00,2500.0,2560.0,2450.0,2501.0,31213763.0
خودرو,1week,2017-10-21 00:00:00+00:00,2500.0,2510.0,2366.0,2371.0,27324753.0
خودرو,1week,2017-10-28 00:00:00+00:00,2372.0,2662.0,2354.0,2650.0,77429172.0
خودرو,1week,2017-11-04 00:00:00+00:00,2600.0,2798.0,2588.0,2654.0,112103109.0
خودرو,1week,2017-11-11 00:00:00+00:00,2698.0,2729.0,2610.0,2637.0,33932910.0
خودرو,1week,2017-11-18 00:00:00+00:00,2640.0,2658.0,2563.0,2600.0,26627000.0
خودرو,1week,2017-11-25 00:00:00+00:00,2610.0,2683.0,2570.0,2573.0,18678739.0
خودرو,1week,2017-12-02 00:00:00+00:00,2596.0,2800.0,2569.0,2728.0,40105146.0
خودرو,1week,2017-12-09 00:00:00+00:00,2784.0,3065.0,2752.0,2901.0,160962628.0
خودرو,1week,2017-12-16 00:00:00+00:00,2970.0,3220.0,2887.0,3099.0,174273581.0
خودرو,1week,2017-12-23 00:00:00+00:00,3107.0,3230.0,2855.0,2900.0,131834124.0
خودرو,1week,2017-12-30 00:00:00+00:00,2857.0,2862.0,2652.0,2747.0,99797230.0
خودرو,1week,2018-01-06 00:00:00+00:00,2760.0,2840.0,2663.0,2830.0,51483781.0
خودرو,1week,2018-01-13 00:00:00+00:00,2917.0,3038.0,2852.0,3030.0,82957378.0
خودرو,1week,2018-01-20 00:00:00+00:00,3076.0,3145.0,2850.0,2869.0,82481843.0
خودرو,1week,2018-01-27 00:00:00+00:00,2880.0,2990.0,2763.0,2763.0,74145550.0
خودرو,1week,2018-02-03 00:00:00+00:00,2769.0,2842.0,2675.0,2748.0,48636555.0
خودرو,1week,2018-02-10 00:00:00+00:00,2797.0,2916.0,2757.0,2800.0,29593617.0
خودرو,1week,2018-02-17 00:00:00+00:00,2820.0,2971.0,2740.0,2820.0,57666151.0
خودرو,1week,2018-02-24 00:00:00+00:00,2843.0,2843.0,2730.0,2754.0,31393368.0
خودرو,1week,2018-03-03 00:00:00+00:00,2799.0,2847.0,2682.0,2704.0,30769856.0
خودرو,1week,2018-03-10 00:00:00+00:00,2690.0,2785.0,2540.0,2690.0,66736915.0
خودرو,1week,2018-03-17 00:00:00+00:00,2700.0,2770.0,2611.0,2721.0,11212738.0
خودرو,1week,2018-03-24 00:00:00+00:00,2749.0,2749.0,2617.0,2673.0,7801102.0
خودرو,1week,2018-03-31 00:00:00+00:00,2640.0,2688.0,2560.0,2600.0,4656299.0
خودرو,1week,2018-04-07 00:00:00+00:00,2590.0,2659.0,2401.0,2490.0,66222486.0
خودرو,1week,2018-04-14 00:00:00+00:00,2450.0,2527.0,2325.0,2466.0,16408899.0
خودرو,1week,2018-04-21 00:00:00+00:00,2478.0,2510.0,2417.0,2485.0,27198129.0
خودرو,1week,2018-04-28 00:00:00+00:00,2454.0,2489.0,2412.0,2453.0,14464460.0
خودرو,1week,2018-05-05 00:00:00+00:00,2440.0,2484.0,2330.0,2370.0,56039612.0
خودرو,1week,2018-05-12 00:00:00+00:00,2430.0,2662.0,2380.0,2495.0,78473146.0
خودرو,1week,2018-05-19 00:00:00+00:00,2547.0,2575.0,2323.0,2385.0,44698472.0
خودرو,1week,2018-05-26 00:00:00+00:00,2440.0,2470.0,2370.0,2387.0,25945708.0
خودرو,1week,2018-06-02 00:00:00+00:00,2428.0,2428.0,2361.0,2400.0,7477030.0
خودرو,1week,2018-06-09 00:00:00+00:00,2378.0,2417.0,2260.0,2379.0,36990334.0
خودرو,1week,2018-06-16 00:00:00+00:00,2450.0,2589.0,2337.0,2450.0,83343011.0
خودرو,1week,2018-06-23 00:00:00+00:00,2500.0,2620.0,2250.0,2306.0,105529554.0
خودرو,1week,2018-06-30 00:00:00+00:00,2339.0,2428.0,2290.0,2350.0,43385419.0
خودرو,1week,2018-07-07 00:00:00+00:00,2350.0,2438.0,2291.0,2370.0,31370205.0
خودرو,1week,2018-07-14 00:00:00+00:00,2330.0,2410.0,2180.0,2200.0,41306862.0
خودرو,1week,2018-07-21 00:00:00+00:00,2264.0,2268.0,2093.0,2119.0,25794164.0
خودرو,1week,2018-07-28 00:00:00+00:00,2138.0,2190.0,2005.0,2072.0,84085257.0
خودرو,1week,2018-08-04 00:00:00+00:00,2119.0,2155.0,1970.0,2096.0,81339705.0
خودرو,1week,2018-08-11 00:00:00+00:00,2081.0,2269.0,2066.0,2137.0,54628759.0
خودرو,1week,2018-08-18 00:00:00+00:00,2150.0,2261.0,2132.0,2261.0,25738552.0
خودرو,1week,2018-08-25 00:00:00+00:00,2321.0,2570.0,2277.0,2340.0,115047784.0
خودرو,1week,2018-09-01 00:00:00+00:00,2320.0,2399.0,2199.0,2323.0,62423500.0
خودرو,1week,2018-09-08 00:00:00+00:00,2350.0,2569.0,2330.0,2550.0,107747009.0
خودرو,1week,2018-09-15 00:00:00+00:00,2659.0,3042.0,2602.0,3042.0,106969896.0
خودرو,1week,2018-09-22 00:00:00+00:00,3194.0,3353.0,3074.0,3120.0,236247183.0
خودرو,1week,2018-09-29 00:00:00+00:00,3198.0,3635.0,3183.0,3276.0,189640559.0
خودرو,1week,2018-10-06 00:00:00+00:00,3306.0,3310.0,2683.0,2683.0,95256362.0
خودرو,1week,2018-10-13 00:00:00+00:00,2556.0,2862.0,2556.0,2707.0,106216795.0
خودرو,1week,2018-10-20 00:00:00+00:00,2801.0,2928.0,2458.0,2458.0,79940997.0
خودرو,1week,2018-10-27 00:00:00+00:00,2400.0,2676.0,2328.0,2660.0,113901441.0
خودرو,1week,2018-11-03 00:00:00+00:00,2685.0,2758.0,2480.0,2665.0,51790075.0
خودرو,1week,2018-11-10 00:00:00+00:00,2693.0,2980.0,2672.0,2789.0,103609570.0
خودرو,1week,2018-11-17 00:00:00+00:00,2810.0,2860.0,2505.0,2655.0,68900230.0
خودرو,1week,2018-11-24 00:00:00+00:00,2770.0,2790.0,2484.0,2502.0,49189607.0
خودرو,1week,2018-12-01 00:00:00+00:00,2543.0,2621.0,2385.0,2621.0,72038378.0
خودرو,1week,2018-12-08 00:00:00+00:00,2751.0,2888.0,2621.0,2720.0,166932966.0
خودرو,1week,2018-12-15 00:00:00+00:00,2739.0,2739.0,2453.0,2531.0,66988980.0
خودرو,1week,2018-12-22 00:00:00+00:00,2531.0,2677.0,2485.0,2673.0,67107995.0
خودرو,1week,2018-12-29 00:00:00+00:00,2692.0,2775.0,2568.0,2775.0,157302470.0
خودرو,1week,2019-01-05 00:00:00+00:00,2809.0,3180.0,2795.0,3060.0,324666272.0
خودرو,1week,2019-01-12 00:00:00+00:00,3010.0,3020.0,2790.0,2818.0,114848114.0
خودرو,1week,2019-01-19 00:00:00+00:00,2821.0,2890.0,2538.0,2671.0,150876606.0
خودرو,1week,2019-01-26 00:00:00+00:00,2690.0,3030.0,2560.0,2880.0,215641999.0
خودرو,1week,2019-02-02 00:00:00+00:00,2925.0,2953.0,2671.0,2803.0,118340544.0
خودرو,1week,2019-02-09 00:00:00+00:00,2850.0,2889.0,2681.0,2735.0,37521198.0
خودرو,1week,2019-02-16 00:00:00+00:00,2750.0,2840.0,2632.0,2700.0,65676181.0
خودرو,1week,2019-02-23 00:00:00+00:00,2775.0,2920.0,2693.0,2714.0,79126676.0
خودرو,1week,2019-03-02 00:00:00+00:00,2749.0,2762.0,2633.0,2688.0,59606134.0
خودرو,1week,2019-03-09 00:00:00+00:00,2717.0,2759.0,2642.0,2660.0,61537811.0
خودرو,1week,2019-03-16 00:00:00+00:00,2698.0,2920.0,2670.0,2871.0,93977416.0
خودرو,1week,2019-03-23 00:00:00+00:00,2935.0,3263.0,2880.0,3170.0,141109260.0
خودرو,1week,2019-03-30 00:00:00+00:00,3189.0,3500.0,3130.0,3456.0,224094896.0
خودرو,1week,2019-04-06 00:00:00+00:00,3430.0,3985.0,3411.0,3810.0,529893372.0
خودرو,1week,2019-04-13 00:00:00+00:00,3830.0,3941.0,3650.0,3873.0,292287992.0
خودرو,1week,2019-04-20 00:00:00+00:00,3995.0,4380.0,3995.0,4319.0,369028619.0
خودرو,1week,2019-04-27 00:00:00+00:00,4360.0,4737.0,4161.0,4700.0,377093666.0
خودرو,1week,2019-05-04 00:00:00+00:00,4695.0,5150.0,4446.0,4479.0,446509207.0
خودرو,1week,2019-05-11 00:00:00+00:00,4400.0,4533.0,3952.0,4358.0,347052723.0
خودرو,1week,2019-05-18 00:00:00+00:00,4440.0,4505.0,4104.0,4319.0,237546595.0
خودرو,1week,2019-05-25 00:00:00+00:00,4265.0,4611.0,4172.0,4611.0,111781304.0
خودرو,1week,2019-06-01 00:00:00+00:00,4700.0,4861.0,4540.0,4720.0,131585292.0
خودرو,1week,2019-06-08 00:00:00+00:00,4699.0,5446.0,4620.0,5359.0,380561970.0
خودرو,1week,2019-06-15 00:00:00+00:00,5180.0,5779.0,5113.0,5200.0,323373101.0
خودرو,1week,2019-06-22 00:00:00+00:00,5060.0,5965.0,5000.0,5680.0,207203987.0
خودرو,1week,2019-06-29 00:00:00+00:00,5700.0,5720.0,5356.0,5420.0,105583392.0
خودرو,1week,2019-07-06 00:00:00+00:00,5350.0,5634.0,5151.0,5634.0,128800444.0
خودرو,1week,2019-07-13 00:00:00+00:00,5748.0,5865.0,5100.0,5210.0,172426784.0
خودرو,1week,2019-07-20 00:00:00+00:00,5290.0,5399.0,4930.0,5159.0,50650113.0
خودرو,1week,2019-07-27 00:00:00+00:00,5240.0,5240.0,4920.0,5079.0,70596815.0
خودرو,1week,2019-08-03 00:00:00+00:00,5079.0,5520.0,5051.0,5251.0,89029765.0
خودرو,1week,2019-08-10 00:00:00+00:00,5220.0,5465.0,5140.0,5398.0,66763771.0
خودرو,1week,2019-08-17 00:00:00+00:00,5398.0,6120.0,5340.0,5970.0,183663937.0
خودرو,1week,2019-08-24 00:00:00+00:00,6125.0,6264.0,5710.0,5928.0,207153344.0
خودرو,1week,2019-08-31 00:00:00+00:00,5999.0,6227.0,5730.0,5970.0,139656443.0
خودرو,1week,2019-09-07 00:00:00+00:00,5990.0,6622.0,5970.0,6622.0,162304080.0
خودرو,1week,2019-09-14 00:00:00+00:00,6877.0,7390.0,6598.0,6900.0,289684428.0
خودرو,1week,2019-09-21 00:00:00+00:00,6850.0,7360.0,6770.0,7150.0,136998841.0
خودرو,1week,2019-09-28 00:00:00+00:00,7240.0,8089.0,6999.0,7987.0,280832466.0
خودرو,1week,2019-10-05 00:00:00+00:00,8150.0,8350.0,7277.0,7361.0,157486369.0
خودرو,1week,2019-10-12 00:00:00+00:00,7363.0,7589.0,6405.0,6622.0,161277863.0
خودرو,1week,2019-10-19 00:00:00+00:00,6612.0,7106.0,6140.0,7000.0,177467456.0
خودرو,1week,2019-10-26 00:00:00+00:00,7000.0,7536.0,6700.0,7400.0,61511993.0
خودرو,1week,2019-11-02 00:00:00+00:00,7385.0,7964.0,7050.0,7739.0,225910185.0
خودرو,1week,2019-11-09 00:00:00+00:00,8000.0,8559.0,7700.0,8200.0,221761871.0
خودرو,1week,2019-11-16 00:00:00+00:00,8035.0,8209.0,7549.0,7860.0,212055939.0
خودرو,1week,2019-11-23 00:00:00+00:00,7999.0,8510.0,7600.0,8250.0,119937937.0
خودرو,1week,2019-11-30 00:00:00+00:00,8301.0,8553.0,8143.0,8240.0,102526806.0
خودرو,1week,2019-12-07 00:00:00+00:00,8261.0,9640.0,8162.0,9499.0,226299378.0
خودرو,1week,2019-12-14 00:00:00+00:00,9614.0,9783.0,8896.0,9100.0,121832936.0
خودرو,1week,2019-12-21 00:00:00+00:00,9131.0,9561.0,8820.0,9551.0,120398923.0
خودرو,1week,2019-12-28 00:00:00+00:00,9678.0,9747.0,9050.0,9100.0,122216691.0
خودرو,1week,2020-01-04 00:00:00+00:00,8729.0,8729.0,8046.0,8301.0,337246380.0
خودرو,1week,2020-01-11 00:00:00+00:00,8237.0,10003.0,8237.0,10003.0,345253826.0
خودرو,1week,2020-01-18 00:00:00+00:00,10400.0,10731.0,9885.0,10356.0,232431101.0
خودرو,1week,2020-01-25 00:00:00+00:00,10500.0,11493.0,10500.0,11493.0,247128097.0
خودرو,1week,2020-02-01 00:00:00+00:00,11966.0,13450.0,11900.0,12750.0,180764891.0
خودرو,1week,2020-02-08 00:00:00+00:00,12840.0,12845.0,11311.0,11434.0,435860213.0
خودرو,1week,2020-02-15 00:00:00+00:00,11640.0,11640.0,10244.0,10640.0,324469534.0
خودرو,1week,2020-02-22 00:00:00+00:00,10212.0,11300.0,10212.0,10520.0,285751990.0
خودرو,1week,2020-02-29 00:00:00+00:00,10799.0,13004.0,10357.0,12160.0,304545865.0
خودرو,1week,2020-03-07 00:00:00+00:00,12200.0,12500.0,11160.0,12180.0,216170629.0
خودرو,1week,2020-03-14 00:00:00+00:00,12300.0,12300.0,11065.0,11497.0,172841510.0
خودرو,1week,2020-05-16 00:00:00+00:00,1174.0,1424.0,1174.0,1424.0,501920440.0
خودرو,1week,2020-05-23 00:00:00+00:00,1353.0,1491.0,1350.0,1449.0,6171907711.0
خودرو,1week,2020-05-30 00:00:00+00:00,1519.0,1666.0,1444.0,1666.0,6937447056.0
خودرو,1week,2020-06-06 00:00:00+00:00,1735.0,2398.0,1666.0,2353.0,3047380500.0
خودرو,1week,2020-06-13 00:00:00+00:00,2410.0,2780.0,2360.0,2780.0,2704825877.0
خودرو,1week,2020-06-20 00:00:00+00:00,2910.0,3520.0,2910.0,3520.0,887973324.0
خودرو,1week,2020-06-27 00:00:00+00:00,3690.0,4370.0,3670.0,4370.0,3147273565.0
خودرو,1week,2020-07-04 00:00:00+00:00,4580.0,5290.0,4580.0,5290.0,496094052.0
خودرو,1week,2020-07-11 00:00:00+00:00,5550.0,6410.0,5550.0,5810.0,3494627012.0
خودرو,1week,2020-07-18 00:00:00+00:00,5750.0,6350.0,5750.0,6330.0,2477081247.0
خودرو,1week,2020-07-25 00:00:00+00:00,7500.0,8040.0,7020.0,7020.0,3087984907.0
خودرو,1week,2020-08-01 00:00:00+00:00,6670.0,7380.0,5990.0,6120.0,4368130332.0
خودرو,1week,2020-08-08 00:00:00+00:00,6010.0,6010.0,5160.0,5160.0,1065683452.0
خودرو,1week,2020-08-15 00:00:00+00:00,5120.0,5120.0,4610.0,4610.0,4540486896.0
خودرو,1week,2020-08-22 00:00:00+00:00,4610.0,4800.0,3820.0,4260.0,2930953905.0
خودرو,1week,2020-08-29 00:00:00+00:00,4470.0,4470.0,3800.0,3800.0,1301262915.0
خودرو,1week,2020-09-05 00:00:00+00:00,3660.0,3850.0,3380.0,3380.0,4030092688.0
خودرو,1week,2020-09-12 00:00:00+00:00,3580.0,3580.0,3260.0,3350.0,2593261543.0
خودرو,1week,2020-09-19 00:00:00+00:00,3440.0,3470.0,2800.0,2960.0,6085199096.0
خودرو,1week,2020-09-26 00:00:00+00:00,3010.0,3100.0,2480.0,2640.0,4541427242.0
خودرو,1week,2020-10-03 00:00:00+00:00,2740.0,3250.0,2740.0,3250.0,3441631134.0
خودرو,1week,2020-10-10 00:00:00+00:00,3410.0,3910.0,3410.0,3690.0,7273806966.0
خودرو,1week,2020-10-17 00:00:00+00:00,3510.0,3510.0,3080.0,3260.0,3203212818.0
خودرو,1week,2020-10-24 00:00:00+00:00,3160.0,3260.0,2920.0,3190.0,4889713121.0
خودرو,1week,2020-10-31 00:00:00+00:00,3280.0,3580.0,3220.0,3250.0,2878494676.0
خودرو,1week,2020-11-07 00:00:00+00:00,3430.0,3440.0,3040.0,3310.0,6925949272.0
خودرو,1week,2020-11-14 00:00:00+00:00,3410.0,4000.0,3320.0,4000.0,8469697885.0
خودرو,1week,2020-11-21 00:00:00+00:00,4090.0,4160.0,3780.0,3960.0,13638895339.0
خودرو,1week,2020-11-28 00:00:00+00:00,3850.0,4200.0,3830.0,3920.0,10810680490.0
خودرو,1week,2020-12-05 00:00:00+00:00,3910.0,4370.0,3910.0,4180.0,10079758808.0
خودرو,1week,2020-12-12 00:00:00+00:00,4200.0,4240.0,3500.0,3680.0,7422238716.0
خودرو,1week,2020-12-19 00:00:00+00:00,3730.0,3780.0,3280.0,3430.0,5014176401.0
خودرو,1week,2020-12-26 00:00:00+00:00,3420.0,3450.0,3040.0,3070.0,4553210831.0
خودرو,1week,2021-01-02 00:00:00+00:00,3030.0,3120.0,2800.0,2800.0,4418504278.0
خودرو,1week,2021-01-09 00:00:00+00:00,2740.0,2900.0,2500.0,2640.0,4646348566.0
خودرو,1week,2021-01-16 00:00:00+00:00,2600.0,2620.0,2280.0,2570.0,2741697805.0
خودرو,1week,2021-01-23 00:00:00+00:00,2680.0,2850.0,2540.0,2640.0,4083511888.0
خودرو,1week,2021-01-30 00:00:00+00:00,2640.0,2860.0,2520.0,2520.0,3837753014.0
خودرو,1week,2021-02-06 00:00:00+00:00,2570.0,2760.0,2450.0,2760.0,3024250510.0
خودرو,1week,2021-02-13 00:00:00+00:00,2910.0,3000.0,2750.0,2750.0,2177129349.0
خودرو,1week,2021-02-20 00:00:00+00:00,2710.0,2720.0,2620.0,2620.0,656532693.0
خودرو,1week,2021-02-27 00:00:00+00:00,2590.0,2590.0,2450.0,2450.0,748700937.0
خودرو,1week,2021-03-06 00:00:00+00:00,2410.0,2540.0,2360.0,2410.0,2048736435.0
خودرو,1week,2021-03-13 00:00:00+00:00,2370.0,2630.0,2370.0,2520.0,4543858220.0
خودرو,1week,2021-03-27 00:00:00+00:00,2520.0,2730.0,2490.0,2560.0,1423987546.0
خودرو,1week,2021-04-03 00:00:00+00:00,2510.0,2520.0,2400.0,2400.0,540573092.0
خودرو,1week,2021-04-10 00:00:00+00:00,2360.0,2430.0,2300.0,2320.0,1604223264.0
خودرو,1week,2021-04-17 00:00:00+00:00,2290.0,2310.0,2160.0,2160.0,1266938445.0
خودرو,1week,2021-04-24 00:00:00+00:00,2100.0,2180.0,2010.0,2160.0,2573260815.0
خودرو,1week,2021-05-01 00:00:00+00:00,2130.0,2190.0,1997.0,1997.0,1398473462.0
خودرو,1week,2021-05-08 00:00:00+00:00,2000.0,2030.0,1838.0,1889.0,2231394564.0
خودرو,1week,2021-05-15 00:00:00+00:00,1875.0,2109.0,1824.0,1824.0,3110920611.0
خودرو,1week,2021-05-22 00:00:00+00:00,1750.0,1794.0,1605.0,1677.0,1435972837.0
خودرو,1week,2021-05-29 00:00:00+00:00,1712.0,1855.0,1654.0,1766.0,2211698585.0
خودرو,1week,2021-06-05 00:00:00+00:00,1780.0,1988.0,1750.0,1950.0,2467545738.0
خودرو,1week,2021-06-12 00:00:00+00:00,1964.0,2139.0,1852.0,2034.0,3628915958.0
خودرو,1week,2021-06-19 00:00:00+00:00,2029.0,2180.0,1861.0,2090.0,3977736372.0
خودرو,1week,2021-06-26 00:00:00+00:00,2100.0,2246.0,2069.0,2151.0,3383059892.0
خودرو,1week,2021-07-03 00:00:00+00:00,2150.0,2178.0,2001.0,2063.0,1863220175.0
خودرو,1week,2021-07-10 00:00:00+00:00,2051.0,2145.0,1985.0,2110.0,1853235513.0
خودرو,1week,2021-07-17 00:00:00+00:00,2124.0,2134.0,2022.0,2025.0,987827710.0
خودرو,1week,2021-07-31 00:00:00+00:00,2031.0,2110.0,1952.0,1961.0,2260099651.0
خودرو,1week,2021-08-07 00:00:00+00:00,1990.0,2074.0,1960.0,2054.0,1927449752.0
خودرو,1week,2021-08-14 00:00:00+00:00,2080.0,2240.0,2080.0,2210.0,2019064955.0
خودرو,1week,2021-08-21 00:00:00+00:00,2290.0,2429.0,2250.0,2392.0,2924800725.0
خودرو,1week,2021-08-28 00:00:00+00:00,2406.0,2540.0,2151.0,2265.0,3300479085.0
خودرو,1week,2021-09-04 00:00:00+00:00,2291.0,2331.0,2139.0,2185.0,2222124756.0
خودرو,1week,2021-09-11 00:00:00+00:00,2200.0,2258.0,1980.0,2080.0,1724319281.0
خودرو,1week,2021-09-18 00:00:00+00:00,2052.0,2080.0,1764.0,1855.0,1891142796.0
خودرو,1week,2021-09-25 00:00:00+00:00,1900.0,1912.0,1800.0,1840.0,963104063.0
خودرو,1week,2021-10-02 00:00:00+00:00,1855.0,1971.0,1790.0,1939.0,1794462501.0
خودرو,1week,2021-10-09 00:00:00+00:00,1948.0,1948.0,1668.0,1730.0,1333822431.0
خودرو,1week,2021-10-16 00:00:00+00:00,1740.0,1813.0,1653.0,1738.0,1381347090.0
خودرو,1week,2021-10-23 00:00:00+00:00,1730.0,1738.0,1631.0,1696.0,1132674425.0
خودرو,1week,2021-10-30 00:00:00+00:00,1726.0,1803.0,1568.0,1803.0,1772137802.0
خودرو,1week,2021-11-06 00:00:00+00:00,1892.0,2139.0,1892.0,2046.0,5451509155.0
خودرو,1week,2021-12-04 00:00:00+00:00,2230.0,2250.0,2180.0,2190.0,673000683.0
خودرو,1week,2021-12-11 00:00:00+00:00,2235.0,2300.0,1825.0,1856.0,4142127234.0
خودرو,1week,2021-12-18 00:00:00+00:00,1900.0,1976.0,1802.0,1976.0,2255484331.0
خودرو,1week,2021-12-25 00:00:00+00:00,1999.0,2065.0,1865.0,1969.0,2310630706.0
خودرو,1week,2022-01-01 00:00:00+00:00,1932.0,1950.0,1787.0,1834.0,1558509931.0
خودرو,1week,2022-01-08 00:00:00+00:00,1850.0,2110.0,1840.0,2027.0,3221716993.0
خودرو,1week,2022-01-15 00:00:00+00:00,1989.0,2054.0,1882.0,1950.0,1770451525.0
خودرو,1week,2022-01-22 00:00:00+00:00,1960.0,1994.0,1809.0,1906.0,1589066706.0
خودرو,1week,2022-01-29 00:00:00+00:00,1944.0,2170.0,1920.0,2107.0,3099017862.0
خودرو,1week,2022-02-05 00:00:00+00:00,2167.0,2196.0,1942.0,2091.0,2237326758.0
خودرو,1week,2022-02-12 00:00:00+00:00,2081.0,2107.0,1974.0,1981.0,999150272.0
خودرو,1week,2022-02-19 00:00:00+00:00,2011.0,2262.0,2011.0,2219.0,2543737230.0
خودرو,1week,2022-02-26 00:00:00+00:00,2141.0,2180.0,2032.0,2058.0,1615673215.0
خودرو,1week,2022-03-05 00:00:00+00:00,2150.0,2260.0,2080.0,2217.0,2867666666.0
خودرو,1week,2022-03-12 00:00:00+00:00,2085.0,2286.0,2050.0,2286.0,2715998614.0
خودرو,1week,2022-03-19 00:00:00+00:00,2398.0,2398.0,2398.0,2398.0,310791432.0
خودرو,1week,2022-03-26 00:00:00+00:00,2517.0,2619.0,2375.0,2515.0,5699922714.0
خودرو,1week,2022-04-02 00:00:00+00:00,2520.0,2717.0,2495.0,2506.0,5775105139.0
خودرو,1week,2022-04-09 00:00:00+00:00,2451.0,2619.0,2330.0,2420.0,4333773258.0
خودرو,1week,2022-04-16 00:00:00+00:00,2449.0,2494.0,2307.0,2424.0,2451460801.0
خودرو,1week,2022-04-23 00:00:00+00:00,2468.0,2578.0,2381.0,2439.0,2482813673.0
خودرو,1week,2022-04-30 00:00:00+00:00,2451.0,2483.0,2359.0,2383.0,1579758543.0
خودرو,1week,2022-05-07 00:00:00+00:00,2430.0,2510.0,2390.0,2458.0,2100888892.0
خودرو,1week,2022-05-14 00:00:00+00:00,2449.0,2480.0,2274.0,2385.0,2922343557.0
خودرو,1week,2022-05-21 00:00:00+00:00,2360.0,2408.0,2237.0,2275.0,2120871942.0
خودرو,1week,2022-05-28 00:00:00+00:00,2251.0,2266.0,2054.0,2104.0,2116293459.0
خودرو,1week,2022-06-04 00:00:00+00:00,2105.0,2105.0,1995.0,2047.0,1019643895.0
خودرو,1week,2022-06-11 00:00:00+00:00,2033.0,2176.0,1942.0,2078.0,1653830580.0
خودرو,1week,2022-06-18 00:00:00+00:00,2079.0,2136.0,2020.0,2123.0,1047655256.0
خودرو,1week,2022-06-25 00:00:00+00:00,2159.0,2282.0,2130.0,2232.0,1716398749.0
خودرو,1week,2022-07-02 00:00:00+00:00,2180.0,2193.0,2043.0,2065.0,1218048000.0
خودرو,1week,2022-07-09 00:00:00+00:00,2067.0,2120.0,1943.0,2034.0,993452213.0
خودرو,1week,2022-07-16 00:00:00+00:00,2031.0,2038.0,1954.0,1995.0,309682992.0
خودرو,1week,2022-07-23 00:00:00+00:00,2015.0,2063.0,1870.0,1901.0,738468167.0
خودرو,1week,2022-07-30 00:00:00+00:00,1918.0,1922.0,1722.0,1882.0,1010099174.0
خودرو,1week,2022-08-06 00:00:00+00:00,1920.0,2041.0,1881.0,1953.0,936404718.0
خودرو,1week,2022-08-13 00:00:00+00:00,1990.0,2257.0,1990.0,2240.0,2789452095.0
خودرو,1week,2022-08-20 00:00:00+00:00,2154.0,2298.0,2109.0,2251.0,1800823648.0
خودرو,1week,2022-08-27 00:00:00+00:00,2211.0,2266.0,2069.0,2137.0,1351206874.0
خودرو,1week,2022-09-03 00:00:00+00:00,2080.0,2100.0,2010.0,2038.0,827610739.0
خودرو,1week,2022-09-10 00:00:00+00:00,2023.0,2139.0,1951.0,2080.0,1118841185.0
خودرو,1week,2022-09-17 00:00:00+00:00,2064.0,2100.0,1963.0,1987.0,670166682.0
خودرو,1week,2022-09-24 00:00:00+00:00,1975.0,2096.0,1897.0,2052.0,857047955.0
خودرو,1week,2022-10-01 00:00:00+00:00,2040.0,2045.0,1927.0,2004.0,777183908.0
خودرو,1week,2022-10-08 00:00:00+00:00,2010.0,2050.0,1955.0,1989.0,675399939.0
خودرو,1week,2022-10-15 00:00:00+00:00,1989.0,2000.0,1870.0,1891.0,676977446.0
خودرو,1week,2022-10-22 00:00:00+00:00,1899.0,1930.0,1780.0,1790.0,849171693.0
خودرو,1week,2022-10-29 00:00:00+00:00,1839.0,1940.0,1790.0,1896.0,991959960.0
خودرو,1week,2022-11-05 00:00:00+00:00,1900.0,2285.0,1900.0,2220.0,2604340738.0
خودرو,1week,2022-11-12 00:00:00+00:00,2230.0,2240.0,2109.0,2192.0,1649096423.0
خودرو,1week,2022-11-19 00:00:00+00:00,2184.0,2479.0,2107.0,2358.0,4121761723.0
خودرو,1week,2022-11-26 00:00:00+00:00,2430.0,2570.0,2381.0,2388.0,2655610072.0
خودرو,1week,2022-12-03 00:00:00+00:00,2364.0,2664.0,2356.0,2593.0,2754744194.0
خودرو,1week,2022-12-10 00:00:00+00:00,2600.0,2658.0,2479.0,2590.0,2381336943.0
خودرو,1week,2022-12-17 00:00:00+00:00,2595.0,2680.0,2436.0,2491.0,2340769076.0
خودرو,1week,2022-12-24 00:00:00+00:00,2508.0,2890.0,2500.0,2876.0,3408202237.0
خودرو,1week,2022-12-31 00:00:00+00:00,2780.0,3358.0,2740.0,3330.0,5857485390.0
خودرو,1week,2023-01-07 00:00:00+00:00,3380.0,3605.0,3312.0,3312.0,5089349990.0
خودرو,1week,2023-01-14 00:00:00+00:00,3508.0,3508.0,3320.0,3380.0,1638580146.0
خودرو,1week,2023-01-21 00:00:00+00:00,3480.0,3490.0,2979.0,3022.0,4568504232.0
خودرو,1week,2023-01-28 00:00:00+00:00,3080.0,3099.0,2757.0,2879.0,3376067684.0
خودرو,1week,2023-02-18 00:00:00+00:00,3073.0,3073.0,2908.0,2938.0,1901794874.0
خودرو,1week,2023-02-25 00:00:00+00:00,3032.0,3279.0,2964.0,3033.0,6469868421.0
خودرو,1week,2023-03-04 00:00:00+00:00,3001.0,3274.0,2985.0,3147.0,2867609682.0
خودرو,1week,2023-03-11 00:00:00+00:00,3230.0,3297.0,3070.0,3158.0,2307583269.0
خودرو,1week,2023-03-18 00:00:00+00:00,3220.0,3441.0,3220.0,3390.0,1126295891.0
خودرو,1week,2023-03-25 00:00:00+00:00,3431.0,3588.0,3290.0,3582.0,2860011078.0
خودرو,1week,2023-04-01 00:00:00+00:00,3591.0,3870.0,3465.0,3769.0,2519933857.0
خودرو,1week,2023-04-08 00:00:00+00:00,3650.0,4000.0,3590.0,3869.0,4017796448.0
خودرو,1week,2023-04-15 00:00:00+00:00,3920.0,4235.0,3896.0,4085.0,4882134835.0
خودرو,1week,2023-04-22 00:00:00+00:00,4103.0,4233.0,3896.0,3896.0,2548589562.0
خودرو,1week,2023-04-29 00:00:00+00:00,3890.0,4248.0,3841.0,4248.0,5999060908.0
خودرو,1week,2023-05-06 00:00:00+00:00,4417.0,4631.0,3782.0,3782.0,5459867492.0
خودرو,1week,2023-05-13 00:00:00+00:00,3703.0,3849.0,3616.0,3786.0,2385650866.0
خودرو,1week,2023-05-20 00:00:00+00:00,3810.0,3840.0,3585.0,3665.0,2443377511.0
خودرو,1week,2023-05-27 00:00:00+00:00,3665.0,3722.0,3367.0,3425.0,2481189960.0
خودرو,1week,2023-06-03 00:00:00+00:00,3420.0,3689.0,3366.0,3582.0,1095663026.0
خودرو,1week,2023-06-10 00:00:00+00:00,3300.0,3451.0,3285.0,3348.0,944734416.0
خودرو,1week,2023-06-17 00:00:00+00:00,3390.0,3437.0,3053.0,3161.0,1261957142.0
خودرو,1week,2023-06-24 00:00:00+00:00,3150.0,3229.0,3015.0,3050.0,1046100042.0
خودرو,1week,2023-07-01 00:00:00+00:00,3070.0,3265.0,2998.0,3158.0,1168899224.0
خودرو,1week,2023-07-08 00:00:00+00:00,3197.0,3210.0,2792.0,2815.0,1443827623.0
خودرو,1week,2023-07-15 00:00:00+00:00,2856.0,2884.0,2538.0,2640.0,1496773909.0
خودرو,1week,2023-07-22 00:00:00+00:00,2570.0,2616.0,2485.0,2579.0,450244169.0
خودرو,1week,2023-07-29 00:00:00+00:00,2610.0,2622.0,2429.0,2528.0,1001702987.0
خودرو,1week,2023-08-05 00:00:00+00:00,2560.0,2777.0,2552.0,2662.0,2187908685.0
خودرو,1week,2023-08-12 00:00:00+00:00,2610.0,2671.0,2441.0,2491.0,1074434680.0
خودرو,1week,2023-08-19 00:00:00+00:00,2475.0,2597.0,2395.0,2545.0,935443113.0
خودرو,1week,2023-08-26 00:00:00+00:00,2577.0,2970.0,2554.0,2862.0,2202578278.0
خودرو,1week,2023-09-02 00:00:00+00:00,2895.0,3082.0,2801.0,3025.0,1201906197.0
خودرو,1week,2023-09-09 00:00:00+00:00,3049.0,3078.0,2867.0,3030.0,1077576729.0
خودرو,1week,2023-09-16 00:00:00+00:00,3030.0,3082.0,2971.0,3014.0,744499128.0
خودرو,1week,2023-09-23 00:00:00+00:00,3010.0,3015.0,2824.0,2828.0,913082111.0
خودرو,1week,2023-09-30 00:00:00+00:00,2883.0,2906.0,2732.0,2837.0,761721207.0
خودرو,1week,2023-10-07 00:00:00+00:00,2800.0,2837.0,2555.0,2625.0,1023019722.0
خودرو,1week,2023-10-14 00:00:00+00:00,2650.0,2718.0,2510.0,2606.0,785070372.0
خودرو,1week,2023-10-21 00:00:00+00:00,2690.0,2696.0,2420.0,2444.0,839379303.0
خودرو,1week,2023-10-28 00:00:00+00:00,2366.0,2451.0,2250.0,2370.0,1163651764.0
خودرو,1week,2023-11-04 00:00:00+00:00,2420.0,2682.0,2400.0,2604.0,1064366269.0
خودرو,1week,2023-11-11 00:00:00+00:00,2630.0,2693.0,2566.0,2570.0,676024365.0
خودرو,1week,2023-11-18 00:00:00+00:00,2579.0,2679.0,2555.0,2588.0,637824874.0
خودرو,1week,2023-11-25 00:00:00+00:00,2601.0,2687.0,2544.0,2661.0,783455319.0
خودرو,1week,2023-12-02 00:00:00+00:00,2675.0,2927.0,2670.0,2874.0,1713530079.0
خودرو,1week,2023-12-09 00:00:00+00:00,2832.0,2885.0,2752.0,2757.0,722985352.0
خودرو,1week,2023-12-16 00:00:00+00:00,2757.0,2896.0,2745.0,2796.0,565089945.0
خودرو,1week,2023-12-23 00:00:00+00:00,2815.0,2861.0,2698.0,2732.0,720567017.0
خودرو,1week,2023-12-30 00:00:00+00:00,2743.0,2794.0,2705.0,2732.0,788491955.0
خودرو,1week,2024-01-06 00:00:00+00:00,2759.0,2941.0,2725.0,2897.0,1419855696.0
خودرو,1week,2024-01-13 00:00:00+00:00,2920.0,3050.0,2845.0,2905.0,1008584122.0
خودرو,1week,2024-01-20 00:00:00+00:00,2915.0,2915.0,2583.0,2670.0,873541519.0
خودرو,1week,2024-01-27 00:00:00+00:00,2670.0,2727.0,2576.0,2625.0,804399506.0
خودرو,1week,2024-02-03 00:00:00+00:00,2620.0,2693.0,2580.0,2617.0,415551327.0
خودرو,1week,2024-02-17 00:00:00+00:00,2624.0,2675.0,2591.0,2601.0,1164837532.0
خودرو,1week,2024-02-24 00:00:00+00:00,2597.0,2597.0,2410.0,2441.0,897244184.0
خودرو,1week,2024-03-02 00:00:00+00:00,2530.0,2979.0,2480.0,2901.0,2971965115.0
خودرو,1week,2024-03-09 00:00:00+00:00,2913.0,3245.0,2863.0,3105.0,2051226324.0
خودرو,1week,2024-03-16 00:00:00+00:00,3100.0,3290.0,3074.0,3241.0,672921037.0
خودرو,1week,2024-03-23 00:00:00+00:00,3330.0,3467.0,3183.0,3200.0,1418950515.0
خودرو,1week,2024-03-30 00:00:00+00:00,3200.0,3235.0,3028.0,3171.0,825801747.0
خودرو,1week,2024-04-06 00:00:00+00:00,3160.0,3197.0,2992.0,3095.0,1075884027.0
خودرو,1week,2024-04-13 00:00:00+00:00,3020.0,3050.0,2921.0,2935.0,1153616076.0
خودرو,1week,2024-04-20 00:00:00+00:00,3160.0,3213.0,3095.0,3165.0,1580018682.0
خودرو,1week,2024-04-27 00:00:00+00:00,3141.0,3230.0,3076.0,3135.0,871432450.0
خودرو,1week,2024-05-04 00:00:00+00:00,3125.0,3170.0,2981.0,2993.0,574700825.0
خودرو,1week,2024-05-11 00:00:00+00:00,2961.0,3039.0,2776.0,2866.0,923634357.0
خودرو,1week,2024-05-18 00:00:00+00:00,2877.0,2928.0,2702.0,2793.0,502234833.0
خودرو,1week,2024-05-25 00:00:00+00:00,2763.0,2816.0,2662.0,2767.0,601519531.0
خودرو,1week,2024-06-01 00:00:00+00:00,2821.0,2877.0,2759.0,2873.0,759385230.0
خودرو,1week,2024-06-08 00:00:00+00:00,2879.0,2942.0,2766.0,2860.0,678567140.0
خودرو,1week,2024-06-15 00:00:00+00:00,2832.0,2879.0,2722.0,2788.0,451941947.0
خودرو,1week,2024-06-22 00:00:00+00:00,2798.0,2829.0,2705.0,2829.0,757291060.0
خودرو,1week,2024-06-29 00:00:00+00:00,2830.0,2879.0,2645.0,2779.0,730308829.0
خودرو,1week,2024-07-06 00:00:00+00:00,2945.0,3121.0,2839.0,2853.0,1049379504.0
خودرو,1week,2024-07-13 00:00:00+00:00,2889.0,2889.0,2770.0,2802.0,295971758.0
خودرو,1week,2024-07-20 00:00:00+00:00,2790.0,2800.0,2721.0,2730.0,294422963.0
خودرو,1week,2024-07-27 00:00:00+00:00,2750.0,2772.0,2502.0,2541.0,730134922.0
خودرو,1week,2024-08-03 00:00:00+00:00,2417.0,2470.0,2308.0,2308.0,543164603.0
خودرو,1week,2024-08-10 00:00:00+00:00,2331.0,2331.0,2257.0,2291.0,384688370.0
خودرو,1week,2024-08-17 00:00:00+00:00,2334.0,2393.0,2298.0,2379.0,354220290.0
خودرو,1week,2024-08-24 00:00:00+00:00,2370.0,2467.0,2332.0,2467.0,395622766.0
خودرو,1week,2024-08-31 00:00:00+00:00,2492.0,2531.0,2444.0,2458.0,391073954.0
خودرو,1week,2024-09-07 00:00:00+00:00,2454.0,2586.0,2408.0,2557.0,518835552.0
خودرو,1week,2024-09-14 00:00:00+00:00,2570.0,2628.0,2421.0,2560.0,537851993.0
خودرو,1week,2024-09-21 00:00:00+00:00,2530.0,2688.0,2520.0,2614.0,537735737.0
خودرو,1week,2024-09-28 00:00:00+00:00,2607.0,2650.0,2559.0,2559.0,513083766.0
خودرو,1week,2024-10-05 00:00:00+00:00,2556.0,2570.0,2525.0,2527.0,427639960.0
خودرو,1week,2024-10-12 00:00:00+00:00,2521.0,2582.0,2308.0,2308.0,477462570.0
خودرو,1week,2024-10-19 00:00:00+00:00,2249.0,2288.0,2039.0,2052.0,706549205.0
خودرو,1week,2024-10-26 00:00:00+00:00,2108.0,2225.0,2097.0,2210.0,806050428.0
خودرو,1week,2024-11-02 00:00:00+00:00,2235.0,2313.0,2152.0,2270.0,1142728793.0
خودرو,1week,2024-11-09 00:00:00+00:00,2315.0,2569.0,2275.0,2569.0,986641723.0
خودرو,1week,2024-11-16 00:00:00+00:00,2641.0,2992.0,2641.0,2960.0,4429810827.0
خودرو,1week,2024-11-23 00:00:00+00:00,2969.0,3314.0,2923.0,3314.0,3430091559.0
خودرو,1week,2024-11-30 00:00:00+00:00,3396.0,3626.0,3200.0,3550.0,4518533482.0
خودرو,1week,2024-12-07 00:00:00+00:00,3500.0,3544.0,3322.0,3503.0,3790286430.0
خودرو,1week,2024-12-14 00:00:00+00:00,3553.0,3663.0,3286.0,3450.0,2882181249.0
خودرو,1week,2024-12-21 00:00:00+00:00,3460.0,3784.0,3382.0,3784.0,5773092321.0
خودرو,1week,2024-12-28 00:00:00+00:00,3785.0,3884.0,3508.0,3628.0,4944265344.0
خودرو,1week,2025-01-04 00:00:00+00:00,3670.0,3844.0,3602.0,3820.0,2133449956.0
